Date,Actual,Predicted
2016-05-07 08:20:00,166.66666666666666,184.28609
2016-05-07 08:30:00,143.33333333333334,161.5927
2016-05-07 08:40:00,116.66666666666667,126.96771
2016-05-07 08:50:00,121.66666666666667,106.26687
2016-05-07 09:00:00,120.0,108.730705
2016-05-07 09:10:00,140.0,139.09041
2016-05-07 09:20:00,163.33333333333334,130.83199
2016-05-07 09:30:00,178.33333333333334,175.96555
2016-05-07 09:40:00,158.33333333333334,200.97697
2016-05-07 09:50:00,153.33333333333334,191.54738
2016-05-07 10:00:00,155.0,153.03705
2016-05-07 10:10:00,138.33333333333334,145.77446
2016-05-07 10:20:00,118.33333333333333,129.19278
2016-05-07 10:30:00,143.33333333333334,104.40722
2016-05-07 10:40:00,175.0,111.61162
2016-05-07 10:50:00,178.33333333333334,197.48912
2016-05-07 11:00:00,186.66666666666666,201.22633
2016-05-07 11:10:00,188.33333333333334,186.30077
2016-05-07 11:20:00,185.0,213.13647
2016-05-07 11:30:00,168.33333333333334,178.52083
2016-05-07 11:40:00,165.0,148.2225
2016-05-07 11:50:00,161.66666666666666,151.65088
2016-05-07 12:00:00,153.33333333333334,171.55548
2016-05-07 12:10:00,146.66666666666666,167.29176
2016-05-07 12:20:00,146.66666666666666,163.21965
2016-05-07 12:30:00,116.66666666666667,158.71089
2016-05-07 12:40:00,90.0,152.46187
2016-05-07 12:50:00,86.66666666666667,98.248184
2016-05-07 13:00:00,85.0,82.480576
2016-05-07 13:10:00,85.0,87.460724
2016-05-07 13:20:00,80.0,88.560356
2016-05-07 13:30:00,80.0,93.25884
2016-05-07 13:40:00,76.66666666666667,93.13413
2016-05-07 13:50:00,75.0,91.47601
2016-05-07 14:00:00,73.33333333333333,82.68261
2016-05-07 14:10:00,73.33333333333333,80.197105
2016-05-07 14:20:00,78.33333333333333,80.77005
2016-05-07 14:30:00,80.0,84.20956
2016-05-07 14:40:00,83.33333333333333,95.900566
2016-05-07 14:50:00,88.33333333333333,94.71197
2016-05-07 15:00:00,95.0,95.07261
2016-05-07 15:10:00,100.0,99.60712
2016-05-07 15:20:00,100.0,109.389465
2016-05-07 15:30:00,103.33333333333333,119.859215
2016-05-07 15:40:00,105.0,120.08763
2016-05-07 15:50:00,103.33333333333333,126.26815
2016-05-07 16:00:00,101.66666666666667,120.5006
2016-05-07 16:10:00,98.33333333333333,112.24178
2016-05-07 16:20:00,98.33333333333333,110.379326
2016-05-07 16:30:00,95.0,107.685455
2016-05-07 16:40:00,93.33333333333333,109.82542
2016-05-07 16:50:00,91.66666666666667,105.74303
2016-05-07 17:00:00,90.0,106.151215
2016-05-07 17:10:00,88.33333333333333,103.31364
2016-05-07 17:20:00,86.66666666666667,101.455124
2016-05-07 17:30:00,86.66666666666667,101.020386
2016-05-07 17:40:00,85.0,99.16297
2016-05-07 17:50:00,83.33333333333333,98.818054
2016-05-07 18:00:00,81.66666666666667,95.60165
2016-05-07 18:10:00,161.66666666666666,94.6471
2016-05-07 18:20:00,251.66666666666666,91.261826
2016-05-07 18:30:00,275.0,235.49597
2016-05-07 18:40:00,278.3333333333333,299.59433
2016-05-07 18:50:00,285.0,302.2044
2016-05-07 19:00:00,291.6666666666667,317.67822
2016-05-07 19:10:00,220.0,245.82564
2016-05-07 19:20:00,135.0,175.85556
2016-05-07 19:30:00,120.0,133.07056
2016-05-07 19:40:00,120.0,111.457436
2016-05-07 19:50:00,120.0,113.079926
2016-05-07 20:00:00,116.66666666666667,108.725204
2016-05-07 20:10:00,111.66666666666667,113.45188
2016-05-07 20:20:00,108.33333333333333,123.70372
2016-05-07 20:30:00,101.66666666666667,130.77243
2016-05-07 20:40:00,96.66666666666667,117.575874
2016-05-07 20:50:00,86.66666666666667,100.20285
2016-05-07 21:00:00,78.33333333333333,91.34261
2016-05-07 21:10:00,71.66666666666667,81.486084
2016-05-07 21:20:00,65.0,78.655266
2016-05-07 21:30:00,56.666666666666664,75.62678
2016-05-07 21:40:00,55.0,68.74241
2016-05-07 21:50:00,56.666666666666664,64.0347
2016-05-07 22:00:00,60.0,63.77571
2016-05-07 22:10:00,60.0,65.612305
2016-05-07 22:20:00,61.666666666666664,67.668205
2016-05-07 22:30:00,61.666666666666664,65.72301
2016-05-07 22:40:00,60.0,65.154625
2016-05-07 22:50:00,58.333333333333336,65.005455
2016-05-07 23:00:00,56.666666666666664,63.966415
2016-05-07 23:10:00,55.0,62.51516
2016-05-07 23:20:00,51.666666666666664,61.50699
2016-05-07 23:30:00,53.333333333333336,61.922783
2016-05-07 23:40:00,55.0,60.737606
2016-05-07 23:50:00,56.666666666666664,60.546432
2016-05-08 00:00:00,56.666666666666664,61.283504
2016-05-08 00:10:00,58.333333333333336,61.657574
2016-05-08 00:20:00,60.0,61.33146
2016-05-08 00:30:00,58.333333333333336,62.167107
2016-05-08 00:40:00,58.333333333333336,62.692806
2016-05-08 00:50:00,58.333333333333336,61.63161
2016-05-08 01:00:00,58.333333333333336,61.191357
2016-05-08 01:10:00,56.666666666666664,61.347378
2016-05-08 01:20:00,53.333333333333336,61.67138
2016-05-08 01:30:00,55.0,60.824753
2016-05-08 01:40:00,53.333333333333336,59.04905
2016-05-08 01:50:00,51.666666666666664,59.521965
2016-05-08 02:00:00,50.0,58.801422
2016-05-08 02:10:00,51.666666666666664,58.223194
2016-05-08 02:20:00,53.333333333333336,56.91156
2016-05-08 02:30:00,53.333333333333336,57.605377
2016-05-08 02:40:00,55.0,58.468967
2016-05-08 02:50:00,55.0,58.72691
2016-05-08 03:00:00,56.666666666666664,59.617767
2016-05-08 03:10:00,55.0,59.521133
2016-05-08 03:20:00,56.666666666666664,60.277092
2016-05-08 03:30:00,56.666666666666664,59.500233
2016-05-08 03:40:00,55.0,60.02558
2016-05-08 03:50:00,56.666666666666664,60.0355
2016-05-08 04:00:00,55.0,59.173485
2016-05-08 04:10:00,53.333333333333336,59.949406
2016-05-08 04:20:00,51.666666666666664,60.10398
2016-05-08 04:30:00,50.0,59.396294
2016-05-08 04:40:00,50.0,58.864563
2016-05-08 04:50:00,50.0,58.425415
2016-05-08 05:00:00,51.666666666666664,58.62325
2016-05-08 05:10:00,55.0,59.145752
2016-05-08 05:20:00,55.0,61.182636
2016-05-08 05:30:00,56.666666666666664,63.78589
2016-05-08 05:40:00,56.666666666666664,63.84129
2016-05-08 05:50:00,56.666666666666664,64.59926
2016-05-08 06:00:00,55.0,64.354614
2016-05-08 06:10:00,55.0,63.70972
2016-05-08 06:20:00,55.0,63.463673
2016-05-08 06:30:00,53.333333333333336,63.864853
2016-05-08 06:40:00,53.333333333333336,64.61433
2016-05-08 06:50:00,50.0,64.29273
2016-05-08 07:00:00,51.666666666666664,64.55659
2016-05-08 07:10:00,48.333333333333336,62.41378
2016-05-08 07:20:00,48.333333333333336,63.992073
2016-05-08 07:30:00,50.0,62.623238
2016-05-08 07:40:00,56.666666666666664,62.462128
2016-05-08 07:50:00,60.0,64.363106
2016-05-08 08:00:00,61.666666666666664,69.243515
2016-05-08 08:10:00,65.0,71.7211
2016-05-08 08:20:00,123.33333333333333,74.17467
2016-05-08 08:30:00,135.0,74.653145
2016-05-08 08:40:00,181.66666666666666,168.9352
2016-05-08 08:50:00,183.33333333333334,149.6333
2016-05-08 09:00:00,226.66666666666666,226.37003
2016-05-08 09:10:00,255.0,206.49245
2016-05-08 09:20:00,198.33333333333334,230.09268
2016-05-08 09:30:00,190.0,215.18645
2016-05-08 09:40:00,141.66666666666666,148.52954
2016-05-08 09:50:00,143.33333333333334,161.97798
2016-05-08 10:00:00,156.66666666666666,112.91134
2016-05-08 10:10:00,148.33333333333334,123.616585
2016-05-08 10:20:00,146.66666666666666,164.73044
2016-05-08 10:30:00,143.33333333333334,156.24535
2016-05-08 10:40:00,138.33333333333334,178.98627
2016-05-08 10:50:00,135.0,166.46654
2016-05-08 11:00:00,75.0,129.87202
2016-05-08 11:10:00,53.333333333333336,109.47478
2016-05-08 11:20:00,53.333333333333336,65.79897
2016-05-08 11:30:00,51.666666666666664,62.008343
2016-05-08 11:40:00,53.333333333333336,63.80189
2016-05-08 11:50:00,50.0,64.20012
2016-05-08 12:00:00,51.666666666666664,66.49775
2016-05-08 12:10:00,51.666666666666664,66.81728
2016-05-08 12:20:00,53.333333333333336,65.97097
2016-05-08 12:30:00,55.0,64.47028
2016-05-08 12:40:00,55.0,63.985954
2016-05-08 12:50:00,56.666666666666664,66.89037
2016-05-08 13:00:00,56.666666666666664,66.47602
2016-05-08 13:10:00,58.333333333333336,70.07593
2016-05-08 13:20:00,56.666666666666664,69.943016
2016-05-08 13:30:00,56.666666666666664,69.204445
2016-05-08 13:40:00,56.666666666666664,69.16886
2016-05-08 13:50:00,56.666666666666664,68.5923
2016-05-08 14:00:00,56.666666666666664,69.78335
2016-05-08 14:10:00,56.666666666666664,70.21789
2016-05-08 14:20:00,56.666666666666664,70.244125
2016-05-08 14:30:00,56.666666666666664,70.973465
2016-05-08 14:40:00,55.0,71.10662
2016-05-08 14:50:00,56.666666666666664,71.245636
2016-05-08 15:00:00,53.333333333333336,70.45628
2016-05-08 15:10:00,51.666666666666664,71.18423
2016-05-08 15:20:00,51.666666666666664,70.48316
2016-05-08 15:30:00,50.0,69.83597
2016-05-08 15:40:00,50.0,69.728935
2016-05-08 15:50:00,50.0,68.53655
2016-05-08 16:00:00,53.333333333333336,68.27897
2016-05-08 16:10:00,53.333333333333336,69.01566
2016-05-08 16:20:00,55.0,70.42396
2016-05-08 16:30:00,55.0,70.92571
2016-05-08 16:40:00,56.666666666666664,71.81354
2016-05-08 16:50:00,55.0,71.30456
2016-05-08 17:00:00,56.666666666666664,71.61385
2016-05-08 17:10:00,56.666666666666664,70.590294
2016-05-08 17:20:00,56.666666666666664,70.48649
2016-05-08 17:30:00,58.333333333333336,70.65159
2016-05-08 17:40:00,58.333333333333336,70.59137
2016-05-08 17:50:00,56.666666666666664,71.45128
2016-05-08 18:00:00,55.0,71.24508
2016-05-08 18:10:00,53.333333333333336,70.680664
2016-05-08 18:20:00,51.666666666666664,70.4424
2016-05-08 18:30:00,48.333333333333336,70.23931
2016-05-08 18:40:00,46.666666666666664,69.400665
2016-05-08 18:50:00,50.0,67.73165
2016-05-08 19:00:00,48.333333333333336,67.03756
2016-05-08 19:10:00,51.666666666666664,69.64136
2016-05-08 19:20:00,51.666666666666664,67.89044
2016-05-08 19:30:00,53.333333333333336,70.0647
2016-05-08 19:40:00,55.0,69.64476
2016-05-08 19:50:00,60.0,69.95199
2016-05-08 20:00:00,63.333333333333336,70.41215
2016-05-08 20:10:00,68.33333333333333,75.210495
2016-05-08 20:20:00,73.33333333333333,75.61831
2016-05-08 20:30:00,78.33333333333333,80.35581
2016-05-08 20:40:00,80.0,84.546234
2016-05-08 20:50:00,78.33333333333333,88.56534
2016-05-08 21:00:00,78.33333333333333,88.09925
2016-05-08 21:10:00,76.66666666666667,86.658066
2016-05-08 21:20:00,73.33333333333333,83.28692
2016-05-08 21:30:00,68.33333333333333,81.540535
2016-05-08 21:40:00,66.66666666666667,77.95258
2016-05-08 21:50:00,63.333333333333336,73.6893
2016-05-08 22:00:00,61.666666666666664,73.09471
2016-05-08 22:10:00,58.333333333333336,71.173416
2016-05-08 22:20:00,58.333333333333336,69.55817
2016-05-08 22:30:00,60.0,67.53127
2016-05-08 22:40:00,58.333333333333336,67.31307
2016-05-08 22:50:00,58.333333333333336,67.92862
2016-05-08 23:00:00,56.666666666666664,66.27255
2016-05-08 23:10:00,56.666666666666664,65.87409
2016-05-08 23:20:00,55.0,63.48336
2016-05-08 23:30:00,55.0,62.907898
2016-05-08 23:40:00,56.666666666666664,61.84454
2016-05-08 23:50:00,53.333333333333336,61.79797
2016-05-09 00:00:00,55.0,62.797035
2016-05-09 00:10:00,53.333333333333336,61.572556
2016-05-09 00:20:00,53.333333333333336,62.070637
2016-05-09 00:30:00,51.666666666666664,61.05865
2016-05-09 00:40:00,51.666666666666664,60.49386
2016-05-09 00:50:00,55.0,59.648315
2016-05-09 01:00:00,53.333333333333336,59.71659
2016-05-09 01:10:00,56.666666666666664,61.33674
2016-05-09 01:20:00,56.666666666666664,60.407574
2016-05-09 01:30:00,58.333333333333336,61.852997
2016-05-09 01:40:00,58.333333333333336,61.96787
2016-05-09 01:50:00,58.333333333333336,62.41569
2016-05-09 02:00:00,58.333333333333336,62.23515
2016-05-09 02:10:00,56.666666666666664,62.16065
2016-05-09 02:20:00,58.333333333333336,61.941116
2016-05-09 02:30:00,58.333333333333336,61.13237
2016-05-09 02:40:00,56.666666666666664,61.7184
2016-05-09 02:50:00,55.0,61.928135
2016-05-09 03:00:00,55.0,61.24915
2016-05-09 03:10:00,55.0,60.517532
2016-05-09 03:20:00,51.666666666666664,60.525333
2016-05-09 03:30:00,50.0,60.330593
2016-05-09 03:40:00,51.666666666666664,59.14078
2016-05-09 03:50:00,53.333333333333336,58.463966
2016-05-09 04:00:00,53.333333333333336,59.212128
2016-05-09 04:10:00,53.333333333333336,59.82428
2016-05-09 04:20:00,56.666666666666664,60.571583
2016-05-09 04:30:00,56.666666666666664,60.648296
2016-05-09 04:40:00,56.666666666666664,62.027
2016-05-09 04:50:00,56.666666666666664,62.032745
2016-05-09 05:00:00,63.333333333333336,61.570477
2016-05-09 05:10:00,65.0,61.34283
2016-05-09 05:20:00,63.333333333333336,66.4572
2016-05-09 05:30:00,65.0,68.616295
2016-05-09 05:40:00,66.66666666666667,67.32584
2016-05-09 05:50:00,65.0,68.359505
2016-05-09 06:00:00,60.0,69.96083
2016-05-09 06:10:00,55.0,67.8602
2016-05-09 06:20:00,58.333333333333336,65.224205
2016-05-09 06:30:00,56.666666666666664,62.5908
2016-05-09 06:40:00,55.0,64.35926
2016-05-09 06:50:00,55.0,64.77452
2016-05-09 07:00:00,55.0,64.30939
2016-05-09 07:10:00,56.666666666666664,65.41283
2016-05-09 07:20:00,55.0,66.39576
2016-05-09 07:30:00,56.666666666666664,66.66881
2016-05-09 07:40:00,56.666666666666664,66.06223
2016-05-09 07:50:00,56.666666666666664,67.38769
2016-05-09 08:00:00,55.0,67.48383
2016-05-09 08:10:00,58.333333333333336,66.832436
2016-05-09 08:20:00,56.666666666666664,66.16934
2016-05-09 08:30:00,58.333333333333336,67.866
2016-05-09 08:40:00,58.333333333333336,66.45922
2016-05-09 08:50:00,61.666666666666664,68.086494
2016-05-09 09:00:00,65.0,69.05636
2016-05-09 09:10:00,65.0,70.568665
2016-05-09 09:20:00,68.33333333333333,74.448616
2016-05-09 09:30:00,68.33333333333333,73.14778
2016-05-09 09:40:00,68.33333333333333,76.46424
2016-05-09 09:50:00,66.66666666666667,75.85501
2016-05-09 10:00:00,65.0,75.22305
2016-05-09 10:10:00,63.333333333333336,73.6126
2016-05-09 10:20:00,60.0,73.442696
2016-05-09 10:30:00,58.333333333333336,72.34859
2016-05-09 10:40:00,56.666666666666664,70.532936
2016-05-09 10:50:00,55.0,70.16705
2016-05-09 11:00:00,53.333333333333336,69.69432
2016-05-09 11:10:00,51.666666666666664,67.908295
2016-05-09 11:20:00,53.333333333333336,67.49452
2016-05-09 11:30:00,53.333333333333336,66.59063
2016-05-09 11:40:00,58.333333333333336,67.51603
2016-05-09 11:50:00,61.666666666666664,67.52484
2016-05-09 12:00:00,65.0,70.76386
2016-05-09 12:10:00,66.66666666666667,71.887245
2016-05-09 12:20:00,95.0,73.726326
2016-05-09 12:30:00,116.66666666666667,73.56542
2016-05-09 12:40:00,133.33333333333334,119.47863
2016-05-09 12:50:00,135.0,133.35452
2016-05-09 13:00:00,136.66666666666666,153.25394
2016-05-09 13:10:00,136.66666666666666,152.98036
2016-05-09 13:20:00,158.33333333333334,140.55771
2016-05-09 13:30:00,188.33333333333334,122.74176
2016-05-09 13:40:00,176.66666666666666,164.55473
2016-05-09 13:50:00,173.33333333333334,205.67667
2016-05-09 14:00:00,171.66666666666666,180.43132
2016-05-09 14:10:00,201.66666666666666,206.391
2016-05-09 14:20:00,151.66666666666666,174.56128
2016-05-09 14:30:00,98.33333333333333,182.68633
2016-05-09 14:40:00,90.0,106.59828
2016-05-09 14:50:00,88.33333333333333,81.9392
2016-05-09 15:00:00,86.66666666666667,95.337685
2016-05-09 15:10:00,60.0,81.43703
2016-05-09 15:20:00,60.0,81.518234
2016-05-09 15:30:00,65.0,71.371185
2016-05-09 15:40:00,66.66666666666667,74.66011
2016-05-09 15:50:00,70.0,75.08992
2016-05-09 16:00:00,71.66666666666667,71.74849
2016-05-09 16:10:00,70.0,78.06007
2016-05-09 16:20:00,71.66666666666667,77.61596
2016-05-09 16:30:00,70.0,79.358215
2016-05-09 16:40:00,75.0,80.87026
2016-05-09 16:50:00,78.33333333333333,76.753395
2016-05-09 17:00:00,81.66666666666667,82.257385
2016-05-09 17:10:00,85.0,87.52703
2016-05-09 17:20:00,101.66666666666667,95.24792
2016-05-09 17:30:00,158.33333333333334,99.906876
2016-05-09 17:40:00,231.66666666666666,119.13379
2016-05-09 17:50:00,268.3333333333333,213.52473
2016-05-09 18:00:00,271.6666666666667,288.5982
2016-05-09 18:10:00,275.0,306.663
2016-05-09 18:20:00,265.0,315.302
2016-05-09 18:30:00,216.66666666666666,280.0274
2016-05-09 18:40:00,153.33333333333334,186.19276
2016-05-09 18:50:00,120.0,131.80714
2016-05-09 19:00:00,121.66666666666667,115.47894
2016-05-09 19:10:00,121.66666666666667,107.1016
2016-05-09 19:20:00,121.66666666666667,117.27099
2016-05-09 19:30:00,120.0,122.46732
2016-05-09 19:40:00,110.0,135.38257
2016-05-09 19:50:00,110.0,141.56773
2016-05-09 20:00:00,106.66666666666667,118.36475
2016-05-09 20:10:00,105.0,110.19076
2016-05-09 20:20:00,103.33333333333333,99.980934
2016-05-09 20:30:00,105.0,98.407074
2016-05-09 20:40:00,101.66666666666667,103.33978
2016-05-09 20:50:00,95.0,109.667046
2016-05-09 21:00:00,90.0,103.50954
2016-05-09 21:10:00,85.0,95.12558
2016-05-09 21:20:00,80.0,87.89696
2016-05-09 21:30:00,71.66666666666667,84.269424
2016-05-09 21:40:00,71.66666666666667,81.06461
2016-05-09 21:50:00,71.66666666666667,73.756676
2016-05-09 22:00:00,71.66666666666667,74.174706
2016-05-09 22:10:00,73.33333333333333,72.83881
2016-05-09 22:20:00,73.33333333333333,73.9276
2016-05-09 22:30:00,73.33333333333333,76.72116
2016-05-09 22:40:00,73.33333333333333,76.71733
2016-05-09 22:50:00,71.66666666666667,75.92242
2016-05-09 23:00:00,70.0,75.17697
2016-05-09 23:10:00,66.66666666666667,73.29729
2016-05-09 23:20:00,65.0,70.267
2016-05-09 23:30:00,63.333333333333336,68.0044
2016-05-09 23:40:00,58.333333333333336,66.96021
2016-05-09 23:50:00,60.0,65.73622
2016-05-10 00:00:00,58.333333333333336,63.191948
2016-05-10 00:10:00,56.666666666666664,63.586945
2016-05-10 00:20:00,56.666666666666664,63.576054
2016-05-10 00:30:00,55.0,62.69196
2016-05-10 00:40:00,55.0,62.57904
2016-05-10 00:50:00,51.666666666666664,61.622345
2016-05-10 01:00:00,51.666666666666664,61.29494
2016-05-10 01:10:00,51.666666666666664,59.77055
2016-05-10 01:20:00,50.0,58.722706
2016-05-10 01:30:00,51.666666666666664,58.52947
2016-05-10 01:40:00,51.666666666666664,57.763443
2016-05-10 01:50:00,55.0,58.498325
2016-05-10 02:00:00,56.666666666666664,58.56711
2016-05-10 02:10:00,56.666666666666664,60.330902
2016-05-10 02:20:00,60.0,61.939682
2016-05-10 02:30:00,58.333333333333336,61.679115
2016-05-10 02:40:00,60.0,62.987267
2016-05-10 02:50:00,56.666666666666664,61.73301
2016-05-10 03:00:00,58.333333333333336,61.98051
2016-05-10 03:10:00,58.333333333333336,60.506874
2016-05-10 03:20:00,56.666666666666664,61.61914
2016-05-10 03:30:00,56.666666666666664,61.95262
2016-05-10 03:40:00,56.666666666666664,61.246223
2016-05-10 03:50:00,56.666666666666664,61.433796
2016-05-10 04:00:00,53.333333333333336,61.813267
2016-05-10 04:10:00,53.333333333333336,61.99486
2016-05-10 04:20:00,51.666666666666664,60.610188
2016-05-10 04:30:00,51.666666666666664,60.534035
2016-05-10 04:40:00,50.0,59.87201
2016-05-10 04:50:00,50.0,59.902042
2016-05-10 05:00:00,58.333333333333336,59.545433
2016-05-10 05:10:00,58.333333333333336,59.903698
2016-05-10 05:20:00,63.333333333333336,66.33544
2016-05-10 05:30:00,65.0,67.409386
2016-05-10 05:40:00,70.0,71.264404
2016-05-10 05:50:00,71.66666666666667,72.61129
2016-05-10 06:00:00,66.66666666666667,74.58746
2016-05-10 06:10:00,70.0,73.315506
2016-05-10 06:20:00,66.66666666666667,69.29465
2016-05-10 06:30:00,66.66666666666667,72.20727
2016-05-10 06:40:00,63.333333333333336,70.85953
2016-05-10 06:50:00,63.333333333333336,71.84036
2016-05-10 07:00:00,61.666666666666664,70.94166
2016-05-10 07:10:00,63.333333333333336,71.87032
2016-05-10 07:20:00,61.666666666666664,71.96246
2016-05-10 07:30:00,61.666666666666664,73.67141
2016-05-10 07:40:00,60.0,72.51372
2016-05-10 07:50:00,60.0,72.58659
2016-05-10 08:00:00,58.333333333333336,71.28156
2016-05-10 08:10:00,55.0,70.76163
2016-05-10 08:20:00,55.0,69.33551
2016-05-10 08:30:00,55.0,66.44177
2016-05-10 08:40:00,56.666666666666664,66.324356
2016-05-10 08:50:00,56.666666666666664,66.71944
2016-05-10 09:00:00,58.333333333333336,68.09479
2016-05-10 09:10:00,58.333333333333336,67.63568
2016-05-10 09:20:00,60.0,68.940445
2016-05-10 09:30:00,58.333333333333336,68.38469
2016-05-10 09:40:00,56.666666666666664,68.68388
2016-05-10 09:50:00,55.0,67.69473
2016-05-10 10:00:00,53.333333333333336,65.74444
2016-05-10 10:10:00,51.666666666666664,64.40124
2016-05-10 10:20:00,50.0,63.448948
2016-05-10 10:30:00,51.666666666666664,61.473995
2016-05-10 10:40:00,51.666666666666664,60.834473
2016-05-10 10:50:00,53.333333333333336,62.276787
2016-05-10 11:00:00,55.0,62.59263
2016-05-10 11:10:00,56.666666666666664,63.55534
2016-05-10 11:20:00,56.666666666666664,64.632904
2016-05-10 11:30:00,56.666666666666664,63.711895
2016-05-10 11:40:00,58.333333333333336,62.762516
2016-05-10 11:50:00,56.666666666666664,62.318054
2016-05-10 12:00:00,56.666666666666664,63.093887
2016-05-10 12:10:00,56.666666666666664,61.599316
2016-05-10 12:20:00,56.666666666666664,61.957626
2016-05-10 12:30:00,56.666666666666664,62.09171
2016-05-10 12:40:00,56.666666666666664,61.273933
2016-05-10 12:50:00,58.333333333333336,61.761185
2016-05-10 13:00:00,56.666666666666664,61.789116
2016-05-10 13:10:00,56.666666666666664,63.38564
2016-05-10 13:20:00,56.666666666666664,61.881027
2016-05-10 13:30:00,56.666666666666664,61.6592
2016-05-10 13:40:00,55.0,62.054638
2016-05-10 13:50:00,53.333333333333336,61.72091
2016-05-10 14:00:00,53.333333333333336,61.127186
2016-05-10 14:10:00,51.666666666666664,60.762253
2016-05-10 14:20:00,51.666666666666664,58.863018
2016-05-10 14:30:00,50.0,57.75172
2016-05-10 14:40:00,51.666666666666664,57.354683
2016-05-10 14:50:00,53.333333333333336,55.82945
2016-05-10 15:00:00,53.333333333333336,56.651375
2016-05-10 15:10:00,55.0,58.38936
2016-05-10 15:20:00,56.666666666666664,59.4378
2016-05-10 15:30:00,58.333333333333336,61.358456
2016-05-10 15:40:00,58.333333333333336,63.395214
2016-05-10 15:50:00,56.666666666666664,64.7585
2016-05-10 16:00:00,58.333333333333336,65.12063
2016-05-10 16:10:00,56.666666666666664,65.01502
2016-05-10 16:20:00,56.666666666666664,66.99238
2016-05-10 16:30:00,58.333333333333336,66.5187
2016-05-10 16:40:00,60.0,67.66476
2016-05-10 16:50:00,63.333333333333336,70.109436
2016-05-10 17:00:00,66.66666666666667,71.166115
2016-05-10 17:10:00,70.0,75.4755
2016-05-10 17:20:00,73.33333333333333,78.14928
2016-05-10 17:30:00,75.0,82.773834
2016-05-10 17:40:00,80.0,86.72871
2016-05-10 17:50:00,126.66666666666667,86.93079
2016-05-10 18:00:00,136.66666666666666,94.67864
2016-05-10 18:10:00,138.33333333333334,176.42131
2016-05-10 18:20:00,138.33333333333334,154.36792
2016-05-10 18:30:00,141.66666666666666,167.18204
2016-05-10 18:40:00,143.33333333333334,163.51685
2016-05-10 18:50:00,101.66666666666667,117.5004
2016-05-10 19:00:00,95.0,113.8105
2016-05-10 19:10:00,98.33333333333333,98.43454
2016-05-10 19:20:00,101.66666666666667,110.33104
2016-05-10 19:30:00,108.33333333333333,117.143906
2016-05-10 19:40:00,105.0,108.928825
2016-05-10 19:50:00,105.0,117.26395
2016-05-10 20:00:00,103.33333333333333,110.86876
2016-05-10 20:10:00,103.33333333333333,108.45285
2016-05-10 20:20:00,101.66666666666667,102.81679
2016-05-10 20:30:00,93.33333333333333,102.94709
2016-05-10 20:40:00,95.0,100.84691
2016-05-10 20:50:00,95.0,94.22849
2016-05-10 21:00:00,98.33333333333333,103.83082
2016-05-10 21:10:00,93.33333333333333,97.25428
2016-05-10 21:20:00,88.33333333333333,98.04637
2016-05-10 21:30:00,83.33333333333333,93.96228
2016-05-10 21:40:00,75.0,87.90155
2016-05-10 21:50:00,68.33333333333333,82.211006
2016-05-10 22:00:00,60.0,75.333336
2016-05-10 22:10:00,58.333333333333336,68.29674
2016-05-10 22:20:00,56.666666666666664,63.267582
2016-05-10 22:30:00,56.666666666666664,63.146152
2016-05-10 22:40:00,58.333333333333336,63.45308
2016-05-10 22:50:00,58.333333333333336,63.83232
2016-05-10 23:00:00,58.333333333333336,65.33651
2016-05-10 23:10:00,56.666666666666664,66.22678
2016-05-10 23:20:00,58.333333333333336,64.67496
2016-05-10 23:30:00,56.666666666666664,62.63626
2016-05-10 23:40:00,58.333333333333336,62.50992
2016-05-10 23:50:00,56.666666666666664,61.45376
2016-05-11 00:00:00,56.666666666666664,62.3876
2016-05-11 00:10:00,55.0,61.26775
2016-05-11 00:20:00,53.333333333333336,60.961777
2016-05-11 00:30:00,53.333333333333336,59.933872
2016-05-11 00:40:00,51.666666666666664,58.783207
2016-05-11 00:50:00,51.666666666666664,58.909065
2016-05-11 01:00:00,51.666666666666664,58.402
2016-05-11 01:10:00,53.333333333333336,57.759983
2016-05-11 01:20:00,55.0,57.79983
2016-05-11 01:30:00,55.0,58.557793
2016-05-11 01:40:00,56.666666666666664,59.388645
2016-05-11 01:50:00,56.666666666666664,59.26558
2016-05-11 02:00:00,56.666666666666664,59.989555
2016-05-11 02:10:00,56.666666666666664,60.02054
2016-05-11 02:20:00,56.666666666666664,59.855762
2016-05-11 02:30:00,58.333333333333336,59.485054
2016-05-11 02:40:00,56.666666666666664,59.34245
2016-05-11 02:50:00,56.666666666666664,60.32614
2016-05-11 03:00:00,56.666666666666664,59.7752
2016-05-11 03:10:00,56.666666666666664,60.071415
2016-05-11 03:20:00,55.0,60.40326
2016-05-11 03:30:00,53.333333333333336,60.24167
2016-05-11 03:40:00,51.666666666666664,59.23975
2016-05-11 03:50:00,53.333333333333336,58.438427
2016-05-11 04:00:00,51.666666666666664,57.609917
2016-05-11 04:10:00,51.666666666666664,58.85658
2016-05-11 04:20:00,51.666666666666664,58.6278
2016-05-11 04:30:00,51.666666666666664,58.804268
2016-05-11 04:40:00,51.666666666666664,58.882103
2016-05-11 04:50:00,51.666666666666664,58.86679
2016-05-11 05:00:00,53.333333333333336,58.51364
2016-05-11 05:10:00,53.333333333333336,58.513493
2016-05-11 05:20:00,55.0,60.945515
2016-05-11 05:30:00,63.333333333333336,61.353676
2016-05-11 05:40:00,66.66666666666667,62.683086
2016-05-11 05:50:00,68.33333333333333,70.65455
2016-05-11 06:00:00,111.66666666666667,75.21062
2016-05-11 06:10:00,116.66666666666667,76.75429
2016-05-11 06:20:00,116.66666666666667,148.9159
2016-05-11 06:30:00,111.66666666666667,141.2229
2016-05-11 06:40:00,110.0,137.70549
2016-05-11 06:50:00,110.0,124.939766
2016-05-11 07:00:00,68.33333333333333,90.8935
2016-05-11 07:10:00,66.66666666666667,80.44232
2016-05-11 07:20:00,70.0,66.475716
2016-05-11 07:30:00,70.0,71.89532
2016-05-11 07:40:00,71.66666666666667,87.39111
2016-05-11 07:50:00,76.66666666666667,88.2351
2016-05-11 08:00:00,133.33333333333334,93.053276
2016-05-11 08:10:00,166.66666666666666,96.57015
2016-05-11 08:20:00,163.33333333333334,186.91217
2016-05-11 08:30:00,163.33333333333334,187.14941
2016-05-11 08:40:00,165.0,187.66803
2016-05-11 08:50:00,161.66666666666666,184.07631
2016-05-11 09:00:00,100.0,126.9826
2016-05-11 09:10:00,63.333333333333336,92.189316
2016-05-11 09:20:00,65.0,72.50469
2016-05-11 09:30:00,65.0,61.678123
2016-05-11 09:40:00,66.66666666666667,76.48503
2016-05-11 09:50:00,65.0,75.90959
2016-05-11 10:00:00,68.33333333333333,80.48577
2016-05-11 10:10:00,68.33333333333333,81.26822
2016-05-11 10:20:00,68.33333333333333,80.19641
2016-05-11 10:30:00,71.66666666666667,71.969894
2016-05-11 10:40:00,66.66666666666667,69.252266
2016-05-11 10:50:00,63.333333333333336,72.00338
2016-05-11 11:00:00,61.666666666666664,68.171906
2016-05-11 11:10:00,63.333333333333336,68.75489
2016-05-11 11:20:00,61.666666666666664,70.34882
2016-05-11 11:30:00,55.0,68.43187
2016-05-11 11:40:00,55.0,67.06914
2016-05-11 11:50:00,55.0,63.789673
2016-05-11 12:00:00,58.333333333333336,63.857933
2016-05-11 12:10:00,56.666666666666664,64.31465
2016-05-11 12:20:00,56.666666666666664,65.963684
2016-05-11 12:30:00,56.666666666666664,65.98862
2016-05-11 12:40:00,56.666666666666664,67.07014
2016-05-11 12:50:00,56.666666666666664,67.83414
2016-05-11 13:00:00,56.666666666666664,67.46338
2016-05-11 13:10:00,60.0,66.99717
2016-05-11 13:20:00,63.333333333333336,67.44242
2016-05-11 13:30:00,65.0,69.51547
2016-05-11 13:40:00,70.0,71.127556
2016-05-11 13:50:00,73.33333333333333,71.77566
2016-05-11 14:00:00,76.66666666666667,74.884254
2016-05-11 14:10:00,76.66666666666667,76.62416
2016-05-11 14:20:00,78.33333333333333,78.8979
2016-05-11 14:30:00,80.0,79.15989
2016-05-11 14:40:00,78.33333333333333,81.033516
2016-05-11 14:50:00,80.0,81.35147
2016-05-11 15:00:00,78.33333333333333,79.008316
2016-05-11 15:10:00,80.0,82.01476
2016-05-11 15:20:00,78.33333333333333,79.90366
2016-05-11 15:30:00,78.33333333333333,83.00906
2016-05-11 15:40:00,78.33333333333333,82.468796
2016-05-11 15:50:00,76.66666666666667,82.82801
2016-05-11 16:00:00,75.0,82.90199
2016-05-11 16:10:00,73.33333333333333,81.67482
2016-05-11 16:20:00,73.33333333333333,81.611496
2016-05-11 16:30:00,73.33333333333333,81.7313
2016-05-11 16:40:00,73.33333333333333,82.747604
2016-05-11 16:50:00,75.0,83.134964
2016-05-11 17:00:00,75.0,82.89258
2016-05-11 17:10:00,78.33333333333333,86.33271
2016-05-11 17:20:00,78.33333333333333,85.02214
2016-05-11 17:30:00,83.33333333333333,91.840546
2016-05-11 17:40:00,88.33333333333333,90.35362
2016-05-11 17:50:00,91.66666666666667,97.79491
2016-05-11 18:00:00,98.33333333333333,103.32653
2016-05-11 18:10:00,98.33333333333333,105.42306
2016-05-11 18:20:00,101.66666666666667,110.023155
2016-05-11 18:30:00,101.66666666666667,109.156815
2016-05-11 18:40:00,100.0,111.74496
2016-05-11 18:50:00,101.66666666666667,110.56344
2016-05-11 19:00:00,98.33333333333333,109.254654
2016-05-11 19:10:00,103.33333333333333,112.36624
2016-05-11 19:20:00,101.66666666666667,109.35597
2016-05-11 19:30:00,101.66666666666667,119.08132
2016-05-11 19:40:00,98.33333333333333,113.39469
2016-05-11 19:50:00,95.0,112.06003
2016-05-11 20:00:00,96.66666666666667,106.935974
2016-05-11 20:10:00,91.66666666666667,100.22679
2016-05-11 20:20:00,91.66666666666667,100.145195
2016-05-11 20:30:00,88.33333333333333,96.11686
2016-05-11 20:40:00,86.66666666666667,97.784325
2016-05-11 20:50:00,85.0,94.53642
2016-05-11 21:00:00,80.0,92.72893
2016-05-11 21:10:00,75.0,90.07564
2016-05-11 21:20:00,68.33333333333333,81.758965
2016-05-11 21:30:00,66.66666666666667,78.50955
2016-05-11 21:40:00,65.0,73.382515
2016-05-11 21:50:00,61.666666666666664,73.50694
2016-05-11 22:00:00,58.333333333333336,74.10938
2016-05-11 22:10:00,58.333333333333336,70.04598
2016-05-11 22:20:00,56.666666666666664,69.1677
2016-05-11 22:30:00,55.0,68.17132
2016-05-11 22:40:00,56.666666666666664,65.37969
2016-05-11 22:50:00,55.0,63.120964
2016-05-11 23:00:00,55.0,64.644745
2016-05-11 23:10:00,55.0,63.03533
2016-05-11 23:20:00,56.666666666666664,61.082962
2016-05-11 23:30:00,56.666666666666664,60.185955
2016-05-11 23:40:00,55.0,60.422146
2016-05-11 23:50:00,56.666666666666664,60.164635
2016-05-12 00:00:00,58.333333333333336,59.334576
2016-05-12 00:10:00,56.666666666666664,59.57165
2016-05-12 00:20:00,58.333333333333336,60.538807
2016-05-12 00:30:00,58.333333333333336,59.734936
2016-05-12 00:40:00,58.333333333333336,60.060825
2016-05-12 00:50:00,56.666666666666664,60.59933
2016-05-12 01:00:00,56.666666666666664,60.512268
2016-05-12 01:10:00,56.666666666666664,59.57215
2016-05-12 01:20:00,56.666666666666664,59.530777
2016-05-12 01:30:00,56.666666666666664,59.54291
2016-05-12 01:40:00,56.666666666666664,59.77442
2016-05-12 01:50:00,56.666666666666664,60.10679
2016-05-12 02:00:00,56.666666666666664,60.34259
2016-05-12 02:10:00,56.666666666666664,60.701614
2016-05-12 02:20:00,58.333333333333336,60.99266
2016-05-12 02:30:00,56.666666666666664,60.754856
2016-05-12 02:40:00,56.666666666666664,61.682453
2016-05-12 02:50:00,56.666666666666664,60.884277
2016-05-12 03:00:00,55.0,60.633114
2016-05-12 03:10:00,55.0,60.802547
2016-05-12 03:20:00,51.666666666666664,60.22706
2016-05-12 03:30:00,51.666666666666664,59.879433
2016-05-12 03:40:00,50.0,58.278408
2016-05-12 03:50:00,50.0,58.091793
2016-05-12 04:00:00,51.666666666666664,57.45237
2016-05-12 04:10:00,51.666666666666664,57.709057
2016-05-12 04:20:00,55.0,59.60791
2016-05-12 04:30:00,55.0,60.32727
2016-05-12 04:40:00,55.0,62.374477
2016-05-12 04:50:00,56.666666666666664,62.725388
2016-05-12 05:00:00,56.666666666666664,62.222656
2016-05-12 05:10:00,56.666666666666664,62.936028
2016-05-12 05:20:00,55.0,63.71986
2016-05-12 05:30:00,61.666666666666664,63.83381
2016-05-12 05:40:00,61.666666666666664,63.055454
2016-05-12 05:50:00,61.666666666666664,68.30448
2016-05-12 06:00:00,60.0,69.59294
2016-05-12 06:10:00,58.333333333333336,69.56181
2016-05-12 06:20:00,56.666666666666664,70.044235
2016-05-12 06:30:00,48.333333333333336,67.812225
2016-05-12 06:40:00,48.333333333333336,66.273094
2016-05-12 06:50:00,48.333333333333336,61.8167
2016-05-12 07:00:00,50.0,61.350723
2016-05-12 07:10:00,53.333333333333336,62.745537
2016-05-12 07:20:00,53.333333333333336,65.47184
2016-05-12 07:30:00,56.666666666666664,69.90639
2016-05-12 07:40:00,56.666666666666664,71.54508
2016-05-12 07:50:00,58.333333333333336,74.51933
2016-05-12 08:00:00,56.666666666666664,73.04502
2016-05-12 08:10:00,56.666666666666664,72.45518
2016-05-12 08:20:00,56.666666666666664,69.8198
2016-05-12 08:30:00,55.0,68.83579
2016-05-12 08:40:00,55.0,69.41527
2016-05-12 08:50:00,51.666666666666664,68.53444
2016-05-12 09:00:00,50.0,68.45755
2016-05-12 09:10:00,48.333333333333336,65.78108
2016-05-12 09:20:00,46.666666666666664,63.763866
2016-05-12 09:30:00,46.666666666666664,61.804184
2016-05-12 09:40:00,46.666666666666664,60.353367
2016-05-12 09:50:00,48.333333333333336,60.25702
2016-05-12 10:00:00,51.666666666666664,60.63859
2016-05-12 10:10:00,53.333333333333336,61.044548
2016-05-12 10:20:00,56.666666666666664,63.45942
2016-05-12 10:30:00,56.666666666666664,63.67146
2016-05-12 10:40:00,58.333333333333336,65.75062
2016-05-12 10:50:00,58.333333333333336,65.95175
2016-05-12 11:00:00,56.666666666666664,66.134995
2016-05-12 11:10:00,55.0,65.6946
2016-05-12 11:20:00,53.333333333333336,64.04682
2016-05-12 11:30:00,53.333333333333336,62.722553
2016-05-12 11:40:00,51.666666666666664,61.957657
2016-05-12 11:50:00,50.0,61.880165
2016-05-12 12:00:00,50.0,61.318314
2016-05-12 12:10:00,51.666666666666664,60.575325
2016-05-12 12:20:00,53.333333333333336,61.39061
2016-05-12 12:30:00,53.333333333333336,62.078884
2016-05-12 12:40:00,55.0,63.1596
2016-05-12 12:50:00,55.0,63.445057
2016-05-12 13:00:00,56.666666666666664,64.25364
2016-05-12 13:10:00,56.666666666666664,64.31229
2016-05-12 13:20:00,56.666666666666664,64.48257
2016-05-12 13:30:00,56.666666666666664,64.64588
2016-05-12 13:40:00,56.666666666666664,64.54272
2016-05-12 13:50:00,56.666666666666664,64.59828
2016-05-12 14:00:00,56.666666666666664,64.65793
2016-05-12 14:10:00,56.666666666666664,64.724815
2016-05-12 14:20:00,56.666666666666664,65.06251
2016-05-12 14:30:00,56.666666666666664,65.55266
2016-05-12 14:40:00,58.333333333333336,65.83428
2016-05-12 14:50:00,56.666666666666664,65.95597
2016-05-12 15:00:00,55.0,66.949234
2016-05-12 15:10:00,55.0,66.066444
2016-05-12 15:20:00,58.333333333333336,65.794655
2016-05-12 15:30:00,60.0,67.0797
2016-05-12 15:40:00,61.666666666666664,69.586075
2016-05-12 15:50:00,68.33333333333333,70.51428
2016-05-12 16:00:00,76.66666666666667,72.036644
2016-05-12 16:10:00,83.33333333333333,80.149895
2016-05-12 16:20:00,88.33333333333333,87.099525
2016-05-12 16:30:00,111.66666666666667,96.2274
2016-05-12 16:40:00,115.0,103.60903
2016-05-12 16:50:00,118.33333333333333,140.9393
2016-05-12 17:00:00,118.33333333333333,123.69396
2016-05-12 17:10:00,120.0,130.71826
2016-05-12 17:20:00,121.66666666666667,124.86607
2016-05-12 17:30:00,106.66666666666667,117.93118
2016-05-12 17:40:00,168.33333333333334,120.20959
2016-05-12 17:50:00,208.33333333333334,108.93323
2016-05-12 18:00:00,208.33333333333334,233.09283
2016-05-12 18:10:00,208.33333333333334,229.9655
2016-05-12 18:20:00,206.66666666666666,219.08342
2016-05-12 18:30:00,203.33333333333334,238.63538
2016-05-12 18:40:00,143.33333333333334,165.19508
2016-05-12 18:50:00,105.0,124.82869
2016-05-12 19:00:00,110.0,111.757935
2016-05-12 19:10:00,111.66666666666667,110.96248
2016-05-12 19:20:00,113.33333333333333,127.30191
2016-05-12 19:30:00,118.33333333333333,118.383804
2016-05-12 19:40:00,121.66666666666667,122.900276
2016-05-12 19:50:00,123.33333333333333,128.60925
2016-05-12 20:00:00,123.33333333333333,128.21823
2016-05-12 20:10:00,123.33333333333333,119.96533
2016-05-12 20:20:00,116.66666666666667,115.63839
2016-05-12 20:30:00,108.33333333333333,113.4405
2016-05-12 20:40:00,98.33333333333333,107.159676
2016-05-12 20:50:00,100.0,106.388405
2016-05-12 21:00:00,91.66666666666667,97.66979
2016-05-12 21:10:00,83.33333333333333,97.39803
2016-05-12 21:20:00,83.33333333333333,88.66715
2016-05-12 21:30:00,85.0,83.66422
2016-05-12 21:40:00,83.33333333333333,86.02409
2016-05-12 21:50:00,71.66666666666667,91.193794
2016-05-12 22:00:00,68.33333333333333,86.48528
2016-05-12 22:10:00,66.66666666666667,73.15893
2016-05-12 22:20:00,65.0,69.51521
2016-05-12 22:30:00,60.0,68.2475
2016-05-12 22:40:00,60.0,67.19057
2016-05-12 22:50:00,60.0,64.97261
2016-05-12 23:00:00,60.0,66.69662
2016-05-12 23:10:00,60.0,67.64842
2016-05-12 23:20:00,58.333333333333336,66.32265
2016-05-12 23:30:00,58.333333333333336,65.85357
2016-05-12 23:40:00,58.333333333333336,64.54191
2016-05-12 23:50:00,56.666666666666664,63.894913
2016-05-13 00:00:00,58.333333333333336,63.954575
2016-05-13 00:10:00,56.666666666666664,62.493664
2016-05-13 00:20:00,56.666666666666664,62.180576
2016-05-13 00:30:00,55.0,61.647755
2016-05-13 00:40:00,55.0,61.335327
2016-05-13 00:50:00,55.0,60.51096
2016-05-13 01:00:00,51.666666666666664,60.20429
2016-05-13 01:10:00,51.666666666666664,59.233788
2016-05-13 01:20:00,50.0,57.97463
2016-05-13 01:30:00,53.333333333333336,57.38055
2016-05-13 01:40:00,53.333333333333336,56.358242
2016-05-13 01:50:00,53.333333333333336,57.603413
2016-05-13 02:00:00,55.0,58.61069
2016-05-13 02:10:00,56.666666666666664,59.355637
2016-05-13 02:20:00,56.666666666666664,60.565475
2016-05-13 02:30:00,56.666666666666664,61.03514
2016-05-13 02:40:00,56.666666666666664,60.579895
2016-05-13 02:50:00,58.333333333333336,60.406178
2016-05-13 03:00:00,58.333333333333336,60.342632
2016-05-13 03:10:00,58.333333333333336,61.499474
2016-05-13 03:20:00,58.333333333333336,61.87499
2016-05-13 03:30:00,58.333333333333336,61.962994
2016-05-13 03:40:00,58.333333333333336,61.825737
2016-05-13 03:50:00,58.333333333333336,61.824337
2016-05-13 04:00:00,56.666666666666664,61.8491
2016-05-13 04:10:00,55.0,62.164215
2016-05-13 04:20:00,55.0,61.674824
2016-05-13 04:30:00,53.333333333333336,60.797718
2016-05-13 04:40:00,51.666666666666664,60.70104
2016-05-13 04:50:00,50.0,59.988083
2016-05-13 05:00:00,50.0,59.11011
2016-05-13 05:10:00,51.666666666666664,58.65362
2016-05-13 05:20:00,51.666666666666664,59.774544
2016-05-13 05:30:00,53.333333333333336,61.459274
2016-05-13 05:40:00,55.0,62.220737
2016-05-13 05:50:00,58.333333333333336,63.814537
2016-05-13 06:00:00,60.0,65.30129
2016-05-13 06:10:00,61.666666666666664,68.02083
2016-05-13 06:20:00,85.0,71.00996
2016-05-13 06:30:00,136.66666666666666,72.64524
2016-05-13 06:40:00,143.33333333333334,110.795876
2016-05-13 06:50:00,146.66666666666666,178.06868
2016-05-13 07:00:00,155.0,182.08159
2016-05-13 07:10:00,156.66666666666666,185.46368
2016-05-13 07:20:00,145.0,166.82103
2016-05-13 07:30:00,101.66666666666667,107.37949
2016-05-13 07:40:00,98.33333333333333,90.87487
2016-05-13 07:50:00,176.66666666666666,88.97646
2016-05-13 08:00:00,268.3333333333333,106.78747
2016-05-13 08:10:00,310.0,286.41507
2016-05-13 08:20:00,335.0,380.46808
2016-05-13 08:30:00,365.0,432.1503
2016-05-13 08:40:00,390.0,441.62134
2016-05-13 08:50:00,338.3333333333333,368.31464
2016-05-13 09:00:00,260.0,290.61398
2016-05-13 09:10:00,218.33333333333334,238.25952
2016-05-13 09:20:00,185.0,195.44391
2016-05-13 09:30:00,146.66666666666666,184.9332
2016-05-13 09:40:00,121.66666666666667,162.02885
2016-05-13 09:50:00,93.33333333333333,124.1776
2016-05-13 10:00:00,73.33333333333333,124.42522
2016-05-13 10:10:00,70.0,105.0658
2016-05-13 10:20:00,71.66666666666667,83.23194
2016-05-13 10:30:00,73.33333333333333,82.72871
2016-05-13 10:40:00,73.33333333333333,78.8854
2016-05-13 10:50:00,73.33333333333333,75.26241
2016-05-13 11:00:00,80.0,77.11585
2016-05-13 11:10:00,170.0,71.813866
2016-05-13 11:20:00,250.0,74.163574
2016-05-13 11:30:00,291.6666666666667,245.93599
2016-05-13 11:40:00,321.6666666666667,300.77377
2016-05-13 11:50:00,355.0,345.4476
2016-05-13 12:00:00,380.0,385.10828
2016-05-13 12:10:00,320.0,331.29224
2016-05-13 12:20:00,261.6666666666667,294.67755
2016-05-13 12:30:00,225.0,266.84406
2016-05-13 12:40:00,245.0,239.54118
2016-05-13 12:50:00,301.6666666666667,200.25798
2016-05-13 13:00:00,310.0,247.6465
2016-05-13 13:10:00,315.0,340.82486
2016-05-13 13:20:00,326.6666666666667,373.0656
2016-05-13 13:30:00,350.0,421.985
2016-05-13 13:40:00,333.3333333333333,392.00333
2016-05-13 13:50:00,268.3333333333333,282.50146
2016-05-13 14:00:00,245.0,213.95264
2016-05-13 14:10:00,228.33333333333334,213.60446
2016-05-13 14:20:00,285.0,297.55402
2016-05-13 14:30:00,321.6666666666667,275.80927
2016-05-13 14:40:00,315.0,358.44858
2016-05-13 14:50:00,318.3333333333333,383.59677
2016-05-13 15:00:00,335.0,352.17316
2016-05-13 15:10:00,348.3333333333333,358.31458
2016-05-13 15:20:00,281.6666666666667,300.36145
2016-05-13 15:30:00,233.33333333333334,254.93915
2016-05-13 15:40:00,210.0,244.65283
2016-05-13 15:50:00,201.66666666666666,284.55954
2016-05-13 16:00:00,215.0,286.99033
2016-05-13 16:10:00,223.33333333333334,255.31377
2016-05-13 16:20:00,261.6666666666667,294.96262
2016-05-13 16:30:00,308.3333333333333,312.26303
2016-05-13 16:40:00,340.0,362.66998
2016-05-13 16:50:00,351.6666666666667,401.6973
2016-05-13 17:00:00,340.0,395.0868
2016-05-13 17:10:00,323.3333333333333,354.657
2016-05-13 17:20:00,268.3333333333333,289.31653
2016-05-13 17:30:00,213.33333333333334,264.16562
2016-05-13 17:40:00,183.33333333333334,238.73625
2016-05-13 17:50:00,231.66666666666666,207.29155
2016-05-13 18:00:00,260.0,184.85551
2016-05-13 18:10:00,308.3333333333333,293.8804
2016-05-13 18:20:00,335.0,314.49875
2016-05-13 18:30:00,361.6666666666667,381.09857
2016-05-13 18:40:00,395.0,412.1016
2016-05-13 18:50:00,348.3333333333333,383.81134
2016-05-13 19:00:00,325.0,323.578
2016-05-13 19:10:00,298.3333333333333,250.15077
2016-05-13 19:20:00,283.3333333333333,274.83954
2016-05-13 19:30:00,258.3333333333333,312.50137
2016-05-13 19:40:00,230.0,299.90018
2016-05-13 19:50:00,208.33333333333334,220.95631
2016-05-13 20:00:00,180.0,181.66669
2016-05-13 20:10:00,146.66666666666666,166.72284
2016-05-13 20:20:00,136.66666666666666,162.41617
2016-05-13 20:30:00,131.66666666666666,159.92804
2016-05-13 20:40:00,128.33333333333334,173.44415
2016-05-13 20:50:00,120.0,171.7672
2016-05-13 21:00:00,110.0,159.27591
2016-05-13 21:10:00,98.33333333333333,126.88384
2016-05-13 21:20:00,86.66666666666667,109.34086
2016-05-13 21:30:00,80.0,98.22274
2016-05-13 21:40:00,70.0,87.05085
2016-05-13 21:50:00,63.333333333333336,87.4471
2016-05-13 22:00:00,60.0,78.93914
2016-05-13 22:10:00,58.333333333333336,68.37067
2016-05-13 22:20:00,56.666666666666664,62.22436
2016-05-13 22:30:00,55.0,60.97445
2016-05-13 22:40:00,55.0,59.419144
2016-05-13 22:50:00,55.0,58.257206
2016-05-13 23:00:00,55.0,58.964184
2016-05-13 23:10:00,58.333333333333336,59.0572
2016-05-13 23:20:00,60.0,58.987984
2016-05-13 23:30:00,61.666666666666664,61.88725
2016-05-13 23:40:00,61.666666666666664,63.572548
2016-05-13 23:50:00,61.666666666666664,64.94708
2016-05-14 00:00:00,60.0,65.161865
2016-05-14 00:10:00,58.333333333333336,63.13139
2016-05-14 00:20:00,56.666666666666664,61.174274
2016-05-14 00:30:00,56.666666666666664,60.387344
2016-05-14 00:40:00,56.666666666666664,59.27086
2016-05-14 00:50:00,58.333333333333336,59.321526
2016-05-14 01:00:00,60.0,59.73114
2016-05-14 01:10:00,61.666666666666664,60.433716
2016-05-14 01:20:00,63.333333333333336,60.51068
2016-05-14 01:30:00,63.333333333333336,61.466015
2016-05-14 01:40:00,65.0,62.37187
2016-05-14 01:50:00,63.333333333333336,62.22438
2016-05-14 02:00:00,63.333333333333336,62.882088
2016-05-14 02:10:00,60.0,61.5528
2016-05-14 02:20:00,60.0,60.988686
2016-05-14 02:30:00,60.0,59.28745
2016-05-14 02:40:00,58.333333333333336,58.908813
2016-05-14 02:50:00,60.0,59.37732
2016-05-14 03:00:00,60.0,59.039913
2016-05-14 03:10:00,63.333333333333336,60.34922
2016-05-14 03:20:00,63.333333333333336,59.748985
2016-05-14 03:30:00,63.333333333333336,60.794342
2016-05-14 03:40:00,61.666666666666664,60.940113
2016-05-14 03:50:00,60.0,60.54391
2016-05-14 04:00:00,60.0,59.27353
2016-05-14 04:10:00,56.666666666666664,57.97177
2016-05-14 04:20:00,56.666666666666664,58.103065
2016-05-14 04:30:00,56.666666666666664,57.302708
2016-05-14 04:40:00,58.333333333333336,57.382454
2016-05-14 04:50:00,60.0,57.949444
2016-05-14 05:00:00,60.0,58.94299
2016-05-14 05:10:00,61.666666666666664,60.170803
2016-05-14 05:20:00,61.666666666666664,61.211365
2016-05-14 05:30:00,60.0,61.745148
2016-05-14 05:40:00,60.0,61.90227
2016-05-14 05:50:00,56.666666666666664,60.906677
2016-05-14 06:00:00,56.666666666666664,60.893707
2016-05-14 06:10:00,58.333333333333336,60.07006
2016-05-14 06:20:00,56.666666666666664,60.816006
2016-05-14 06:30:00,60.0,62.94508
2016-05-14 06:40:00,60.0,62.599308
2016-05-14 06:50:00,63.333333333333336,65.4428
2016-05-14 07:00:00,65.0,66.337074
2016-05-14 07:10:00,63.333333333333336,69.12093
2016-05-14 07:20:00,71.66666666666667,72.43211
2016-05-14 07:30:00,68.33333333333333,70.41884
2016-05-14 07:40:00,71.66666666666667,81.486465
2016-05-14 07:50:00,113.33333333333333,76.982315
2016-05-14 08:00:00,160.0,79.4899
2016-05-14 08:10:00,176.66666666666666,165.09286
2016-05-14 08:20:00,171.66666666666666,202.26271
2016-05-14 08:30:00,176.66666666666666,192.59006
2016-05-14 08:40:00,175.0,175.014
2016-05-14 08:50:00,133.33333333333334,144.26434
2016-05-14 09:00:00,86.66666666666667,103.21887
2016-05-14 09:10:00,73.33333333333333,90.27665
2016-05-14 09:20:00,75.0,82.5682
2016-05-14 09:30:00,78.33333333333333,83.63698
2016-05-14 09:40:00,81.66666666666667,100.26446
2016-05-14 09:50:00,118.33333333333333,104.19441
2016-05-14 10:00:00,178.33333333333334,110.51044
2016-05-14 10:10:00,181.66666666666666,190.39278
2016-05-14 10:20:00,185.0,238.85716
2016-05-14 10:30:00,185.0,193.14714
2016-05-14 10:40:00,188.33333333333334,175.9984
2016-05-14 10:50:00,158.33333333333334,143.95813
2016-05-14 11:00:00,105.0,113.420006
2016-05-14 11:10:00,103.33333333333333,102.176216
2016-05-14 11:20:00,101.66666666666667,94.69263
2016-05-14 11:30:00,101.66666666666667,119.591805
2016-05-14 11:40:00,98.33333333333333,110.99426
2016-05-14 11:50:00,96.66666666666667,106.20108
2016-05-14 12:00:00,96.66666666666667,109.76072
2016-05-14 12:10:00,100.0,107.1343
2016-05-14 12:20:00,106.66666666666667,101.36023
2016-05-14 12:30:00,108.33333333333333,107.97095
2016-05-14 12:40:00,111.66666666666667,122.9367
2016-05-14 12:50:00,116.66666666666667,118.85953
2016-05-14 13:00:00,116.66666666666667,120.321175
2016-05-14 13:10:00,120.0,119.60019
2016-05-14 13:20:00,120.0,109.53731
2016-05-14 13:30:00,121.66666666666667,113.86962
2016-05-14 13:40:00,118.33333333333333,114.42554
2016-05-14 13:50:00,113.33333333333333,115.17085
2016-05-14 14:00:00,111.66666666666667,115.1666
2016-05-14 14:10:00,108.33333333333333,109.25965
2016-05-14 14:20:00,105.0,106.66964
2016-05-14 14:30:00,101.66666666666667,108.09291
2016-05-14 14:40:00,101.66666666666667,110.2255
2016-05-14 14:50:00,106.66666666666667,112.1644
2016-05-14 15:00:00,110.0,112.522545
2016-05-14 15:10:00,115.0,118.31905
2016-05-14 15:20:00,118.33333333333333,125.219086
2016-05-14 15:30:00,123.33333333333333,134.12071
2016-05-14 15:40:00,130.0,137.3391
2016-05-14 15:50:00,130.0,136.94025
2016-05-14 16:00:00,130.0,137.81766
2016-05-14 16:10:00,125.0,127.649475
2016-05-14 16:20:00,121.66666666666667,128.26488
2016-05-14 16:30:00,118.33333333333333,125.23004
2016-05-14 16:40:00,115.0,122.634514
2016-05-14 16:50:00,111.66666666666667,119.66742
2016-05-14 17:00:00,108.33333333333333,118.766785
2016-05-14 17:10:00,106.66666666666667,116.87571
2016-05-14 17:20:00,103.33333333333333,117.1768
2016-05-14 17:30:00,101.66666666666667,120.73578
2016-05-14 17:40:00,165.0,117.80855
2016-05-14 17:50:00,241.66666666666666,115.52997
2016-05-14 18:00:00,301.6666666666667,239.65517
2016-05-14 18:10:00,305.0,323.54242
2016-05-14 18:20:00,306.6666666666667,389.72568
2016-05-14 18:30:00,308.3333333333333,358.71945
2016-05-14 18:40:00,245.0,271.12674
2016-05-14 18:50:00,166.66666666666666,185.1471
2016-05-14 19:00:00,106.66666666666667,122.81422
2016-05-14 19:10:00,101.66666666666667,113.54955
2016-05-14 19:20:00,100.0,101.90906
2016-05-14 19:30:00,96.66666666666667,108.39641
2016-05-14 19:40:00,93.33333333333333,103.74924
2016-05-14 19:50:00,90.0,105.50196
2016-05-14 20:00:00,91.66666666666667,111.84365
2016-05-14 20:10:00,91.66666666666667,113.32048
2016-05-14 20:20:00,90.0,110.55539
2016-05-14 20:30:00,88.33333333333333,103.40323
2016-05-14 20:40:00,86.66666666666667,98.74876
2016-05-14 20:50:00,86.66666666666667,98.16659
2016-05-14 21:00:00,81.66666666666667,94.46952
2016-05-14 21:10:00,80.0,88.97253
2016-05-14 21:20:00,78.33333333333333,77.372
2016-05-14 21:30:00,78.33333333333333,76.98124
2016-05-14 21:40:00,76.66666666666667,77.99191
2016-05-14 21:50:00,75.0,82.61886
2016-05-14 22:00:00,76.66666666666667,77.687996
2016-05-14 22:10:00,75.0,71.74058
2016-05-14 22:20:00,71.66666666666667,69.45676
2016-05-14 22:30:00,66.66666666666667,68.4748
2016-05-14 22:40:00,63.333333333333336,65.545425
2016-05-14 22:50:00,61.666666666666664,63.06055
2016-05-14 23:00:00,55.0,62.360115
2016-05-14 23:10:00,50.0,61.043163
2016-05-14 23:20:00,50.0,57.50893
2016-05-14 23:30:00,50.0,54.9522
2016-05-14 23:40:00,50.0,55.025215
2016-05-14 23:50:00,48.333333333333336,55.40219
2016-05-15 00:00:00,50.0,55.715004
2016-05-15 00:10:00,51.666666666666664,55.210083
2016-05-15 00:20:00,53.333333333333336,54.54947
2016-05-15 00:30:00,53.333333333333336,55.236458
2016-05-15 00:40:00,53.333333333333336,55.791428
2016-05-15 00:50:00,53.333333333333336,55.911255
2016-05-15 01:00:00,51.666666666666664,55.663326
2016-05-15 01:10:00,53.333333333333336,55.39049
2016-05-15 01:20:00,51.666666666666664,53.82474
2016-05-15 01:30:00,51.666666666666664,54.139927
2016-05-15 01:40:00,53.333333333333336,53.6403
2016-05-15 01:50:00,55.0,53.481438
2016-05-15 02:00:00,55.0,54.41508
2016-05-15 02:10:00,55.0,56.07166
2016-05-15 02:20:00,55.0,55.97515
2016-05-15 02:30:00,56.666666666666664,55.738182
2016-05-15 02:40:00,55.0,55.48889
2016-05-15 02:50:00,51.666666666666664,55.9579
2016-05-15 03:00:00,53.333333333333336,55.39207
2016-05-15 03:10:00,48.333333333333336,54.07421
2016-05-15 03:20:00,46.666666666666664,54.35185
2016-05-15 03:30:00,41.666666666666664,52.068745
2016-05-15 03:40:00,40.0,50.70787
2016-05-15 03:50:00,40.0,48.833214
2016-05-15 04:00:00,38.333333333333336,47.97612
2016-05-15 04:10:00,43.333333333333336,48.404423
2016-05-15 04:20:00,45.0,48.473595
2016-05-15 04:30:00,50.0,50.683327
2016-05-15 04:40:00,50.0,52.492878
2016-05-15 04:50:00,51.666666666666664,55.006065
2016-05-15 05:00:00,53.333333333333336,55.242794
2016-05-15 05:10:00,50.0,55.447227
2016-05-15 05:20:00,51.666666666666664,55.8363
2016-05-15 05:30:00,51.666666666666664,53.862057
2016-05-15 05:40:00,55.0,54.307762
2016-05-15 05:50:00,56.666666666666664,55.214603
2016-05-15 06:00:00,55.0,57.43403
2016-05-15 06:10:00,56.666666666666664,60.39176
2016-05-15 06:20:00,56.666666666666664,61.24189
2016-05-15 06:30:00,53.333333333333336,61.430405
2016-05-15 06:40:00,53.333333333333336,62.396706
2016-05-15 06:50:00,51.666666666666664,59.93247
2016-05-15 07:00:00,58.333333333333336,60.04927
2016-05-15 07:10:00,63.333333333333336,60.360363
2016-05-15 07:20:00,61.666666666666664,67.86699
2016-05-15 07:30:00,65.0,78.6433
2016-05-15 07:40:00,65.0,76.52246
2016-05-15 07:50:00,93.33333333333333,79.55419
2016-05-15 08:00:00,110.0,77.97334
2016-05-15 08:10:00,116.66666666666667,128.24185
2016-05-15 08:20:00,120.0,133.28682
2016-05-15 08:30:00,118.33333333333333,133.78502
2016-05-15 08:40:00,133.33333333333334,133.13028
2016-05-15 08:50:00,118.33333333333333,112.24339
2016-05-15 09:00:00,106.66666666666667,107.423004
2016-05-15 09:10:00,105.0,105.44706
2016-05-15 09:20:00,106.66666666666667,112.52966
2016-05-15 09:30:00,115.0,124.82751
2016-05-15 09:40:00,106.66666666666667,122.21869
2016-05-15 09:50:00,101.66666666666667,120.36246
2016-05-15 10:00:00,93.33333333333333,108.420395
2016-05-15 10:10:00,88.33333333333333,102.94492
2016-05-15 10:20:00,88.33333333333333,95.8249
2016-05-15 10:30:00,105.0,93.29081
2016-05-15 10:40:00,106.66666666666667,95.990105
2016-05-15 10:50:00,108.33333333333333,128.87065
2016-05-15 11:00:00,113.33333333333333,120.89315
2016-05-15 11:10:00,116.66666666666667,118.289856
2016-05-15 11:20:00,121.66666666666667,118.208626
2016-05-15 11:30:00,105.0,105.55151
2016-05-15 11:40:00,105.0,104.90673
2016-05-15 11:50:00,105.0,100.14325
2016-05-15 12:00:00,103.33333333333333,108.809746
2016-05-15 12:10:00,103.33333333333333,106.38716
2016-05-15 12:20:00,100.0,100.841255
2016-05-15 12:30:00,101.66666666666667,102.5199
2016-05-15 12:40:00,100.0,100.952225
2016-05-15 12:50:00,96.66666666666667,104.54787
2016-05-15 13:00:00,100.0,101.378044
2016-05-15 13:10:00,101.66666666666667,94.96886
2016-05-15 13:20:00,103.33333333333333,100.926125
2016-05-15 13:30:00,128.33333333333334,103.747116
2016-05-15 13:40:00,138.33333333333334,105.588425
2016-05-15 13:50:00,136.66666666666666,152.76096
2016-05-15 14:00:00,131.66666666666666,146.0099
2016-05-15 14:10:00,128.33333333333334,128.18488
2016-05-15 14:20:00,126.66666666666667,125.751396
2016-05-15 14:30:00,95.0,113.492584
2016-05-15 14:40:00,85.0,107.665726
2016-05-15 14:50:00,88.33333333333333,85.65617
2016-05-15 15:00:00,91.66666666666667,83.0706
2016-05-15 15:10:00,90.0,93.95921
2016-05-15 15:20:00,90.0,94.41475
2016-05-15 15:30:00,95.0,96.344185
2016-05-15 15:40:00,93.33333333333333,100.95822
2016-05-15 15:50:00,93.33333333333333,108.63982
2016-05-15 16:00:00,93.33333333333333,93.97281
2016-05-15 16:10:00,98.33333333333333,93.20599
2016-05-15 16:20:00,105.0,97.00846
2016-05-15 16:30:00,106.66666666666667,109.89357
2016-05-15 16:40:00,110.0,129.3692
2016-05-15 16:50:00,143.33333333333334,126.59464
2016-05-15 17:00:00,186.66666666666666,128.25047
2016-05-15 17:10:00,191.66666666666666,185.35713
2016-05-15 17:20:00,186.66666666666666,237.37747
2016-05-15 17:30:00,201.66666666666666,225.75722
2016-05-15 17:40:00,238.33333333333334,229.09232
2016-05-15 17:50:00,236.66666666666666,215.95853
2016-05-15 18:00:00,196.66666666666666,203.87596
2016-05-15 18:10:00,186.66666666666666,199.06291
2016-05-15 18:20:00,183.33333333333334,197.55002
2016-05-15 18:30:00,166.66666666666666,204.175
2016-05-15 18:40:00,130.0,152.309
2016-05-15 18:50:00,98.33333333333333,108.71946
2016-05-15 19:00:00,96.66666666666667,104.898
2016-05-15 19:10:00,100.0,105.226166
2016-05-15 19:20:00,103.33333333333333,119.69557
2016-05-15 19:30:00,100.0,121.95505
2016-05-15 19:40:00,98.33333333333333,116.663155
2016-05-15 19:50:00,96.66666666666667,108.21578
2016-05-15 20:00:00,95.0,108.87173
2016-05-15 20:10:00,93.33333333333333,104.49124
2016-05-15 20:20:00,105.0,97.93611
2016-05-15 20:30:00,175.0,98.44336
2016-05-15 20:40:00,213.33333333333334,118.80451
2016-05-15 20:50:00,246.66666666666666,224.65462
2016-05-15 21:00:00,273.3333333333333,228.79468
2016-05-15 21:10:00,296.6666666666667,253.27783
2016-05-15 21:20:00,308.3333333333333,259.6326
2016-05-15 21:30:00,265.0,208.948
2016-05-15 21:40:00,235.0,172.89206
2016-05-15 21:50:00,203.33333333333334,166.24095
2016-05-15 22:00:00,175.0,169.73961
2016-05-15 22:10:00,151.66666666666666,139.39429
2016-05-15 22:20:00,126.66666666666667,113.34148
2016-05-15 22:30:00,100.0,101.439095
2016-05-15 22:40:00,91.66666666666667,100.486336
2016-05-15 22:50:00,86.66666666666667,89.531456
2016-05-15 23:00:00,85.0,87.85382
2016-05-15 23:10:00,83.33333333333333,85.96246
2016-05-15 23:20:00,81.66666666666667,82.54669
2016-05-15 23:30:00,81.66666666666667,81.38225
2016-05-15 23:40:00,80.0,83.32864
2016-05-15 23:50:00,83.33333333333333,80.05722
2016-05-16 00:00:00,83.33333333333333,75.30871
2016-05-16 00:10:00,81.66666666666667,78.15277
2016-05-16 00:20:00,76.66666666666667,77.32562
2016-05-16 00:30:00,73.33333333333333,74.678085
2016-05-16 00:40:00,68.33333333333333,67.97344
2016-05-16 00:50:00,61.666666666666664,64.003174
2016-05-16 01:00:00,56.666666666666664,61.450542
2016-05-16 01:10:00,55.0,57.775917
2016-05-16 01:20:00,55.0,55.862118
2016-05-16 01:30:00,53.333333333333336,55.78291
2016-05-16 01:40:00,51.666666666666664,56.72817
2016-05-16 01:50:00,53.333333333333336,57.47099
2016-05-16 02:00:00,53.333333333333336,57.274906
2016-05-16 02:10:00,55.0,57.677837
2016-05-16 02:20:00,55.0,58.249428
2016-05-16 02:30:00,56.666666666666664,59.190136
2016-05-16 02:40:00,58.333333333333336,59.81564
2016-05-16 02:50:00,56.666666666666664,60.59721
2016-05-16 03:00:00,60.0,61.203495
2016-05-16 03:10:00,56.666666666666664,60.258133
2016-05-16 03:20:00,56.666666666666664,61.52627
2016-05-16 03:30:00,55.0,60.390186
2016-05-16 03:40:00,53.333333333333336,59.50908
2016-05-16 03:50:00,53.333333333333336,58.931595
2016-05-16 04:00:00,50.0,57.985718
2016-05-16 04:10:00,50.0,58.215416
2016-05-16 04:20:00,51.666666666666664,57.34879
2016-05-16 04:30:00,51.666666666666664,57.303158
2016-05-16 04:40:00,53.333333333333336,58.78497
2016-05-16 04:50:00,55.0,59.66576
2016-05-16 05:00:00,55.0,60.816467
2016-05-16 05:10:00,56.666666666666664,62.150047
2016-05-16 05:20:00,55.0,62.523815
2016-05-16 05:30:00,55.0,62.902973
2016-05-16 05:40:00,53.333333333333336,62.243305
2016-05-16 05:50:00,51.666666666666664,62.104885
2016-05-16 06:00:00,51.666666666666664,61.289616
2016-05-16 06:10:00,50.0,60.675808
2016-05-16 06:20:00,50.0,61.309307
2016-05-16 06:30:00,51.666666666666664,60.961166
2016-05-16 06:40:00,51.666666666666664,61.433002
2016-05-16 06:50:00,53.333333333333336,63.53589
2016-05-16 07:00:00,55.0,64.40993
2016-05-16 07:10:00,56.666666666666664,64.94405
2016-05-16 07:20:00,56.666666666666664,68.02502
2016-05-16 07:30:00,55.0,69.076836
2016-05-16 07:40:00,61.666666666666664,68.92857
2016-05-16 07:50:00,61.666666666666664,67.64754
2016-05-16 08:00:00,58.333333333333336,72.855644
2016-05-16 08:10:00,56.666666666666664,72.461365
2016-05-16 08:20:00,58.333333333333336,68.745026
2016-05-16 08:30:00,58.333333333333336,66.71744
2016-05-16 08:40:00,70.0,67.24747
2016-05-16 08:50:00,88.33333333333333,66.72208
2016-05-16 09:00:00,95.0,82.5425
2016-05-16 09:10:00,96.66666666666667,118.82718
2016-05-16 09:20:00,95.0,118.53868
2016-05-16 09:30:00,95.0,115.97152
2016-05-16 09:40:00,81.66666666666667,106.46826
2016-05-16 09:50:00,70.0,89.236115
2016-05-16 10:00:00,110.0,76.44718
2016-05-16 10:10:00,126.66666666666667,70.5379
2016-05-16 10:20:00,135.0,179.82047
2016-05-16 10:30:00,143.33333333333334,165.78783
2016-05-16 10:40:00,148.33333333333334,162.39464
2016-05-16 10:50:00,148.33333333333334,171.66869
2016-05-16 11:00:00,111.66666666666667,129.34784
2016-05-16 11:10:00,101.66666666666667,96.871635
2016-05-16 11:20:00,100.0,91.950745
2016-05-16 11:30:00,101.66666666666667,107.88143
2016-05-16 11:40:00,101.66666666666667,116.18031
2016-05-16 11:50:00,103.33333333333333,119.89106
2016-05-16 12:00:00,135.0,119.70171
2016-05-16 12:10:00,193.33333333333334,121.100296
2016-05-16 12:20:00,205.0,165.16202
2016-05-16 12:30:00,203.33333333333334,224.26964
2016-05-16 12:40:00,205.0,212.31607
2016-05-16 12:50:00,206.66666666666666,209.08871
2016-05-16 13:00:00,178.33333333333334,190.34358
2016-05-16 13:10:00,158.33333333333334,127.608345
2016-05-16 13:20:00,190.0,96.77115
2016-05-16 13:30:00,233.33333333333334,145.54103
2016-05-16 13:40:00,270.0,244.86342
2016-05-16 13:50:00,266.6666666666667,293.06436
2016-05-16 14:00:00,260.0,339.77347
2016-05-16 14:10:00,220.0,295.45667
2016-05-16 14:20:00,175.0,221.53284
2016-05-16 14:30:00,128.33333333333334,126.84924
2016-05-16 14:40:00,88.33333333333333,96.52991
2016-05-16 14:50:00,88.33333333333333,91.31618
2016-05-16 15:00:00,91.66666666666667,75.04682
2016-05-16 15:10:00,90.0,103.61494
2016-05-16 15:20:00,111.66666666666667,119.391716
2016-05-16 15:30:00,113.33333333333333,97.34815
2016-05-16 15:40:00,113.33333333333333,167.05302
2016-05-16 15:50:00,111.66666666666667,132.98105
2016-05-16 16:00:00,110.0,113.26099
2016-05-16 16:10:00,111.66666666666667,109.41892
2016-05-16 16:20:00,91.66666666666667,105.53112
2016-05-16 16:30:00,91.66666666666667,110.17458
2016-05-16 16:40:00,88.33333333333333,93.06347
2016-05-16 16:50:00,88.33333333333333,106.496445
2016-05-16 17:00:00,88.33333333333333,97.8893
2016-05-16 17:10:00,93.33333333333333,94.140854
2016-05-16 17:20:00,96.66666666666667,99.77015
2016-05-16 17:30:00,100.0,113.47353
2016-05-16 17:40:00,191.66666666666666,116.538246
2016-05-16 17:50:00,243.33333333333334,117.753494
2016-05-16 18:00:00,286.6666666666667,285.6287
2016-05-16 18:10:00,286.6666666666667,323.03183
2016-05-16 18:20:00,285.0,401.02188
2016-05-16 18:30:00,285.0,362.96906
2016-05-16 18:40:00,196.66666666666666,248.50757
2016-05-16 18:50:00,155.0,188.89368
2016-05-16 19:00:00,113.33333333333333,116.358765
2016-05-16 19:10:00,113.33333333333333,120.68861
2016-05-16 19:20:00,116.66666666666667,101.73221
2016-05-16 19:30:00,116.66666666666667,110.51915
2016-05-16 19:40:00,120.0,113.06556
2016-05-16 19:50:00,115.0,124.24562
2016-05-16 20:00:00,116.66666666666667,147.362
2016-05-16 20:10:00,113.33333333333333,136.0353
2016-05-16 20:20:00,115.0,125.10859
2016-05-16 20:30:00,110.0,109.441246
2016-05-16 20:40:00,103.33333333333333,111.11445
2016-05-16 20:50:00,96.66666666666667,110.51779
2016-05-16 21:00:00,91.66666666666667,100.81498
2016-05-16 21:10:00,88.33333333333333,96.289734
2016-05-16 21:20:00,78.33333333333333,86.80938
2016-05-16 21:30:00,75.0,85.4072
2016-05-16 21:40:00,71.66666666666667,76.71006
2016-05-16 21:50:00,68.33333333333333,76.75618
2016-05-16 22:00:00,63.333333333333336,70.53739
2016-05-16 22:10:00,58.333333333333336,65.289764
2016-05-16 22:20:00,53.333333333333336,62.06429
2016-05-16 22:30:00,53.333333333333336,60.212963
2016-05-16 22:40:00,50.0,57.99481
2016-05-16 22:50:00,46.666666666666664,58.043274
2016-05-16 23:00:00,46.666666666666664,57.874634
2016-05-16 23:10:00,48.333333333333336,56.4621
2016-05-16 23:20:00,53.333333333333336,55.880833
2016-05-16 23:30:00,53.333333333333336,56.828144
2016-05-16 23:40:00,58.333333333333336,58.901573
2016-05-16 23:50:00,60.0,59.23715
2016-05-17 00:00:00,58.333333333333336,61.31117
2016-05-17 00:10:00,56.666666666666664,61.85383
2016-05-17 00:20:00,53.333333333333336,59.660942
2016-05-17 00:30:00,51.666666666666664,58.018803
2016-05-17 00:40:00,48.333333333333336,56.08637
2016-05-17 00:50:00,50.0,55.018513
2016-05-17 01:00:00,51.666666666666664,54.040176
2016-05-17 01:10:00,53.333333333333336,55.018803
2016-05-17 01:20:00,53.333333333333336,56.219566
2016-05-17 01:30:00,55.0,57.653286
2016-05-17 01:40:00,55.0,57.81793
2016-05-17 01:50:00,55.0,58.290405
2016-05-17 02:00:00,55.0,57.972923
2016-05-17 02:10:00,51.666666666666664,58.036182
2016-05-17 02:20:00,53.333333333333336,57.74284
2016-05-17 02:30:00,50.0,56.284428
2016-05-17 02:40:00,53.333333333333336,56.456768
2016-05-17 02:50:00,51.666666666666664,55.256996
2016-05-17 03:00:00,53.333333333333336,56.658905
2016-05-17 03:10:00,56.666666666666664,56.55567
2016-05-17 03:20:00,55.0,57.726665
2016-05-17 03:30:00,58.333333333333336,59.605965
2016-05-17 03:40:00,53.333333333333336,59.28219
2016-05-17 03:50:00,53.333333333333336,60.249233
2016-05-17 04:00:00,51.666666666666664,58.102303
2016-05-17 04:10:00,50.0,57.295044
2016-05-17 04:20:00,50.0,56.724545
2016-05-17 04:30:00,50.0,56.430115
2016-05-17 04:40:00,51.666666666666664,56.840847
2016-05-17 04:50:00,53.333333333333336,57.777027
2016-05-17 05:00:00,56.666666666666664,58.9164
2016-05-17 05:10:00,61.666666666666664,60.02704
2016-05-17 05:20:00,61.666666666666664,62.77099
2016-05-17 05:30:00,60.0,67.68624
2016-05-17 05:40:00,60.0,68.00457
2016-05-17 05:50:00,58.333333333333336,65.26045
2016-05-17 06:00:00,56.666666666666664,63.849792
2016-05-17 06:10:00,50.0,61.996517
2016-05-17 06:20:00,50.0,61.848267
2016-05-17 06:30:00,48.333333333333336,58.917595
2016-05-17 06:40:00,53.333333333333336,59.13451
2016-05-17 06:50:00,56.666666666666664,59.310013
2016-05-17 07:00:00,56.666666666666664,63.68397
2016-05-17 07:10:00,61.666666666666664,68.57888
2016-05-17 07:20:00,71.66666666666667,70.71784
2016-05-17 07:30:00,73.33333333333333,74.30911
2016-05-17 07:40:00,68.33333333333333,86.26735
2016-05-17 07:50:00,65.0,86.08849
2016-05-17 08:00:00,63.333333333333336,77.00023
2016-05-17 08:10:00,63.333333333333336,69.830986
2016-05-17 08:20:00,53.333333333333336,67.21349
2016-05-17 08:30:00,55.0,68.15362
2016-05-17 08:40:00,56.666666666666664,63.42366
2016-05-17 08:50:00,56.666666666666664,66.42669
2016-05-17 09:00:00,56.666666666666664,71.069305
2016-05-17 09:10:00,53.333333333333336,68.28977
2016-05-17 09:20:00,53.333333333333336,67.906296
2016-05-17 09:30:00,51.666666666666664,64.49034
2016-05-17 09:40:00,50.0,61.624794
2016-05-17 09:50:00,51.666666666666664,60.292435
2016-05-17 10:00:00,51.666666666666664,59.42122
2016-05-17 10:10:00,51.666666666666664,60.857487
2016-05-17 10:20:00,53.333333333333336,60.822483
2016-05-17 10:30:00,53.333333333333336,60.197296
2016-05-17 10:40:00,55.0,61.057987
2016-05-17 10:50:00,53.333333333333336,60.689644
2016-05-17 11:00:00,55.0,61.1473
2016-05-17 11:10:00,53.333333333333336,59.803505
2016-05-17 11:20:00,53.333333333333336,61.20314
2016-05-17 11:30:00,51.666666666666664,60.26611
2016-05-17 11:40:00,51.666666666666664,59.551804
2016-05-17 11:50:00,51.666666666666664,59.28088
2016-05-17 12:00:00,51.666666666666664,59.36786
2016-05-17 12:10:00,53.333333333333336,59.672832
2016-05-17 12:20:00,51.666666666666664,60.454056
2016-05-17 12:30:00,55.0,61.211082
2016-05-17 12:40:00,53.333333333333336,60.91189
2016-05-17 12:50:00,53.333333333333336,62.31775
2016-05-17 13:00:00,50.0,61.722286
2016-05-17 13:10:00,50.0,61.14993
2016-05-17 13:20:00,50.0,60.506733
2016-05-17 13:30:00,46.666666666666664,60.222786
2016-05-17 13:40:00,43.333333333333336,60.48634
2016-05-17 13:50:00,41.666666666666664,58.749905
2016-05-17 14:00:00,41.666666666666664,56.878017
2016-05-17 14:10:00,43.333333333333336,55.93296
2016-05-17 14:20:00,45.0,55.792988
2016-05-17 14:30:00,46.666666666666664,56.70795
2016-05-17 14:40:00,51.666666666666664,57.722797
2016-05-17 14:50:00,53.333333333333336,58.399498
2016-05-17 15:00:00,55.0,60.882168
2016-05-17 15:10:00,51.666666666666664,61.772713
2016-05-17 15:20:00,50.0,62.01587
2016-05-17 15:30:00,51.666666666666664,60.626976
2016-05-17 15:40:00,51.666666666666664,59.505928
2016-05-17 15:50:00,51.666666666666664,60.869442
2016-05-17 16:00:00,53.333333333333336,60.97509
2016-05-17 16:10:00,56.666666666666664,61.44808
2016-05-17 16:20:00,56.666666666666664,63.79212
2016-05-17 16:30:00,60.0,67.203445
2016-05-17 16:40:00,61.666666666666664,66.77605
2016-05-17 16:50:00,66.66666666666667,69.569115
2016-05-17 17:00:00,70.0,71.1318
2016-05-17 17:10:00,73.33333333333333,76.0183
2016-05-17 17:20:00,80.0,80.36887
2016-05-17 17:30:00,83.33333333333333,87.70221
2016-05-17 17:40:00,103.33333333333333,99.12258
2016-05-17 17:50:00,153.33333333333334,100.553024
2016-05-17 18:00:00,156.66666666666666,137.20697
2016-05-17 18:10:00,158.33333333333334,201.76677
2016-05-17 18:20:00,161.66666666666666,165.79617
2016-05-17 18:30:00,160.0,184.30905
2016-05-17 18:40:00,146.66666666666666,167.53786
2016-05-17 18:50:00,100.0,117.97847
2016-05-17 19:00:00,98.33333333333333,112.56095
2016-05-17 19:10:00,106.66666666666667,103.81722
2016-05-17 19:20:00,111.66666666666667,117.695465
2016-05-17 19:30:00,118.33333333333333,126.42298
2016-05-17 19:40:00,120.0,121.78687
2016-05-17 19:50:00,123.33333333333333,131.79134
2016-05-17 20:00:00,130.0,129.84784
2016-05-17 20:10:00,130.0,123.95929
2016-05-17 20:20:00,125.0,122.43492
2016-05-17 20:30:00,121.66666666666667,120.086845
2016-05-17 20:40:00,120.0,115.537186
2016-05-17 20:50:00,118.33333333333333,117.68027
2016-05-17 21:00:00,111.66666666666667,117.99818
2016-05-17 21:10:00,98.33333333333333,108.71762
2016-05-17 21:20:00,93.33333333333333,104.48818
2016-05-17 21:30:00,83.33333333333333,95.89706
2016-05-17 21:40:00,75.0,93.44549
2016-05-17 21:50:00,65.0,85.54534
2016-05-17 22:00:00,60.0,79.09278
2016-05-17 22:10:00,63.333333333333336,68.43994
2016-05-17 22:20:00,58.333333333333336,64.36978
2016-05-17 22:30:00,56.666666666666664,67.35954
2016-05-17 22:40:00,50.0,64.079605
2016-05-17 22:50:00,46.666666666666664,62.535015
2016-05-17 23:00:00,41.666666666666664,59.258556
2016-05-17 23:10:00,38.333333333333336,56.904575
2016-05-17 23:20:00,40.0,53.387375
2016-05-17 23:30:00,43.333333333333336,51.480247
2016-05-17 23:40:00,50.0,52.398758
2016-05-17 23:50:00,55.0,54.30734
2016-05-18 00:00:00,58.333333333333336,58.109276
2016-05-18 00:10:00,58.333333333333336,60.563972
2016-05-18 00:20:00,56.666666666666664,61.779625
2016-05-18 00:30:00,55.0,61.128155
2016-05-18 00:40:00,53.333333333333336,58.981594
2016-05-18 00:50:00,51.666666666666664,57.245544
2016-05-18 01:00:00,51.666666666666664,56.319912
2016-05-18 01:10:00,48.333333333333336,56.219963
2016-05-18 01:20:00,50.0,56.584538
2016-05-18 01:30:00,50.0,55.37708
2016-05-18 01:40:00,51.666666666666664,55.47155
2016-05-18 01:50:00,53.333333333333336,55.7867
2016-05-18 02:00:00,55.0,56.692287
2016-05-18 02:10:00,56.666666666666664,58.24685
2016-05-18 02:20:00,56.666666666666664,58.994297
2016-05-18 02:30:00,56.666666666666664,59.81771
2016-05-18 02:40:00,55.0,59.607487
2016-05-18 02:50:00,55.0,59.125008
2016-05-18 03:00:00,51.666666666666664,57.81631
2016-05-18 03:10:00,53.333333333333336,57.497276
2016-05-18 03:20:00,50.0,56.333187
2016-05-18 03:30:00,51.666666666666664,56.938114
2016-05-18 03:40:00,53.333333333333336,56.047375
2016-05-18 03:50:00,51.666666666666664,56.681202
2016-05-18 04:00:00,55.0,58.070354
2016-05-18 04:10:00,53.333333333333336,57.649693
2016-05-18 04:20:00,56.666666666666664,59.798683
2016-05-18 04:30:00,55.0,59.720867
2016-05-18 04:40:00,53.333333333333336,60.97675
2016-05-18 04:50:00,51.666666666666664,60.547256
2016-05-18 05:00:00,55.0,59.45619
2016-05-18 05:10:00,58.333333333333336,58.241253
2016-05-18 05:20:00,58.333333333333336,60.47591
2016-05-18 05:30:00,58.333333333333336,63.21587
2016-05-18 05:40:00,61.666666666666664,64.28539
2016-05-18 05:50:00,65.0,64.54663
2016-05-18 06:00:00,61.666666666666664,66.286
2016-05-18 06:10:00,71.66666666666667,68.9095
2016-05-18 06:20:00,71.66666666666667,67.423935
2016-05-18 06:30:00,75.0,78.92138
2016-05-18 06:40:00,71.66666666666667,82.13249
2016-05-18 06:50:00,70.0,85.072334
2016-05-18 07:00:00,68.33333333333333,81.98139
2016-05-18 07:10:00,55.0,76.003586
2016-05-18 07:20:00,53.333333333333336,72.59023
2016-05-18 07:30:00,50.0,63.806183
2016-05-18 07:40:00,51.666666666666664,61.649086
2016-05-18 07:50:00,53.333333333333336,61.491116
2016-05-18 08:00:00,53.333333333333336,63.34399
2016-05-18 08:10:00,56.666666666666664,65.460815
2016-05-18 08:20:00,60.0,67.140976
2016-05-18 08:30:00,65.0,68.18873
2016-05-18 08:40:00,63.333333333333336,70.26321
2016-05-18 08:50:00,61.666666666666664,73.7196
2016-05-18 09:00:00,61.666666666666664,71.75978
2016-05-18 09:10:00,56.666666666666664,67.89263
2016-05-18 09:20:00,60.0,68.439095
2016-05-18 09:30:00,56.666666666666664,64.31248
2016-05-18 09:40:00,61.666666666666664,67.12227
2016-05-18 09:50:00,65.0,66.57978
2016-05-18 10:00:00,66.66666666666667,70.63076
2016-05-18 10:10:00,66.66666666666667,74.48024
2016-05-18 10:20:00,61.666666666666664,74.62326
2016-05-18 10:30:00,60.0,71.367035
2016-05-18 10:40:00,55.0,67.14509
2016-05-18 10:50:00,58.333333333333336,65.2161
2016-05-18 11:00:00,65.0,62.785995
2016-05-18 11:10:00,71.66666666666667,65.06323
2016-05-18 11:20:00,71.66666666666667,73.786
2016-05-18 11:30:00,75.0,81.50065
2016-05-18 11:40:00,75.0,78.52161
2016-05-18 11:50:00,70.0,80.39541
2016-05-18 12:00:00,61.666666666666664,75.23247
2016-05-18 12:10:00,56.666666666666664,69.08053
2016-05-18 12:20:00,55.0,66.03666
2016-05-18 12:30:00,50.0,64.79712
2016-05-18 12:40:00,55.0,64.23156
2016-05-18 12:50:00,56.666666666666664,61.29362
2016-05-18 13:00:00,63.333333333333336,65.16121
2016-05-18 13:10:00,68.33333333333333,66.62448
2016-05-18 13:20:00,75.0,69.59928
2016-05-18 13:30:00,81.66666666666667,74.8483
2016-05-18 13:40:00,83.33333333333333,79.97192
2016-05-18 13:50:00,86.66666666666667,85.69773
2016-05-18 14:00:00,86.66666666666667,84.861824
2016-05-18 14:10:00,86.66666666666667,88.941345
2016-05-18 14:20:00,85.0,87.81866
2016-05-18 14:30:00,85.0,88.83081
2016-05-18 14:40:00,83.33333333333333,90.09316
2016-05-18 14:50:00,81.66666666666667,91.4279
2016-05-18 15:00:00,81.66666666666667,90.127754
2016-05-18 15:10:00,83.33333333333333,88.67005
2016-05-18 15:20:00,85.0,89.67716
2016-05-18 15:30:00,85.0,95.696144
2016-05-18 15:40:00,85.0,99.49873
2016-05-18 15:50:00,83.33333333333333,98.740456
2016-05-18 16:00:00,80.0,96.659164
2016-05-18 16:10:00,73.33333333333333,93.114746
2016-05-18 16:20:00,70.0,87.53843
2016-05-18 16:30:00,80.0,82.51568
2016-05-18 16:40:00,106.66666666666667,82.55486
2016-05-18 16:50:00,105.0,103.88737
2016-05-18 17:00:00,105.0,149.03064
2016-05-18 17:10:00,111.66666666666667,120.15275
2016-05-18 17:20:00,116.66666666666667,120.74565
2016-05-18 17:30:00,111.66666666666667,124.57245
2016-05-18 17:40:00,88.33333333333333,114.49002
2016-05-18 17:50:00,118.33333333333333,112.860886
2016-05-18 18:00:00,128.33333333333334,100.97397
2016-05-18 18:10:00,138.33333333333334,170.44257
2016-05-18 18:20:00,141.66666666666666,147.56688
2016-05-18 18:30:00,158.33333333333334,152.10564
2016-05-18 18:40:00,196.66666666666666,163.19136
2016-05-18 18:50:00,178.33333333333334,161.44888
2016-05-18 19:00:00,178.33333333333334,193.6228
2016-05-18 19:10:00,178.33333333333334,167.37987
2016-05-18 19:20:00,181.66666666666666,179.49107
2016-05-18 19:30:00,173.33333333333334,171.60103
2016-05-18 19:40:00,141.66666666666666,136.42972
2016-05-18 19:50:00,143.33333333333334,136.49052
2016-05-18 20:00:00,148.33333333333334,134.21512
2016-05-18 20:10:00,146.66666666666666,158.82875
2016-05-18 20:20:00,145.0,146.22513
2016-05-18 20:30:00,166.66666666666666,136.14594
2016-05-18 20:40:00,220.0,145.91304
2016-05-18 20:50:00,223.33333333333334,168.36264
2016-05-18 21:00:00,213.33333333333334,228.36957
2016-05-18 21:10:00,208.33333333333334,195.1598
2016-05-18 21:20:00,201.66666666666666,184.7587
2016-05-18 21:30:00,165.0,153.37477
2016-05-18 21:40:00,98.33333333333333,106.678635
2016-05-18 21:50:00,81.66666666666667,93.9895
2016-05-18 22:00:00,73.33333333333333,81.63752
2016-05-18 22:10:00,65.0,79.30735
2016-05-18 22:20:00,58.333333333333336,73.37513
2016-05-18 22:30:00,56.666666666666664,66.320786
2016-05-18 22:40:00,53.333333333333336,65.023224
2016-05-18 22:50:00,51.666666666666664,65.158325
2016-05-18 23:00:00,51.666666666666664,61.757053
2016-05-18 23:10:00,50.0,57.621784
2016-05-18 23:20:00,51.666666666666664,56.26654
2016-05-18 23:30:00,50.0,55.461647
2016-05-18 23:40:00,55.0,56.76542
2016-05-18 23:50:00,56.666666666666664,57.46584
2016-05-19 00:00:00,58.333333333333336,59.049397
2016-05-19 00:10:00,58.333333333333336,59.37438
2016-05-19 00:20:00,58.333333333333336,59.042908
2016-05-19 00:30:00,56.666666666666664,59.235214
2016-05-19 00:40:00,53.333333333333336,58.726376
2016-05-19 00:50:00,51.666666666666664,57.184296
2016-05-19 01:00:00,48.333333333333336,55.98023
2016-05-19 01:10:00,48.333333333333336,55.466225
2016-05-19 01:20:00,46.666666666666664,54.712658
2016-05-19 01:30:00,50.0,54.923897
2016-05-19 01:40:00,50.0,55.103092
2016-05-19 01:50:00,51.666666666666664,57.087482
2016-05-19 02:00:00,53.333333333333336,57.841713
2016-05-19 02:10:00,53.333333333333336,57.584198
2016-05-19 02:20:00,53.333333333333336,57.897068
2016-05-19 02:30:00,51.666666666666664,57.933754
2016-05-19 02:40:00,53.333333333333336,57.102264
2016-05-19 02:50:00,50.0,55.960358
2016-05-19 03:00:00,50.0,56.45223
2016-05-19 03:10:00,48.333333333333336,55.249607
2016-05-19 03:20:00,50.0,55.133904
2016-05-19 03:30:00,48.333333333333336,54.429535
2016-05-19 03:40:00,48.333333333333336,55.36043
2016-05-19 03:50:00,51.666666666666664,54.987236
2016-05-19 04:00:00,53.333333333333336,54.98961
2016-05-19 04:10:00,56.666666666666664,57.043377
2016-05-19 04:20:00,55.0,58.80303
2016-05-19 04:30:00,58.333333333333336,60.701637
2016-05-19 04:40:00,56.666666666666664,59.978985
2016-05-19 04:50:00,56.666666666666664,60.97615
2016-05-19 05:00:00,55.0,59.850483
2016-05-19 05:10:00,58.333333333333336,59.18447
2016-05-19 05:20:00,56.666666666666664,58.958015
2016-05-19 05:30:00,55.0,61.743908
2016-05-19 05:40:00,55.0,62.00348
2016-05-19 05:50:00,55.0,61.1711
2016-05-19 06:00:00,56.666666666666664,61.11706
2016-05-19 06:10:00,53.333333333333336,60.98964
2016-05-19 06:20:00,58.333333333333336,63.78469
2016-05-19 06:30:00,60.0,62.735973
2016-05-19 06:40:00,60.0,67.29164
2016-05-19 06:50:00,58.333333333333336,71.3262
2016-05-19 07:00:00,56.666666666666664,71.470184
2016-05-19 07:10:00,53.333333333333336,68.77585
2016-05-19 07:20:00,51.666666666666664,66.88842
2016-05-19 07:30:00,48.333333333333336,63.243492
2016-05-19 07:40:00,50.0,62.03905
2016-05-19 07:50:00,50.0,60.887814
2016-05-19 08:00:00,51.666666666666664,62.651268
2016-05-19 08:10:00,53.333333333333336,63.442486
2016-05-19 08:20:00,53.333333333333336,66.44063
2016-05-19 08:30:00,55.0,67.378845
2016-05-19 08:40:00,53.333333333333336,66.69065
2016-05-19 08:50:00,53.333333333333336,67.157005
2016-05-19 09:00:00,51.666666666666664,65.50526
2016-05-19 09:10:00,50.0,63.980423
2016-05-19 09:20:00,43.333333333333336,63.183838
2016-05-19 09:30:00,41.666666666666664,60.93359
2016-05-19 09:40:00,38.333333333333336,56.513535
2016-05-19 09:50:00,36.666666666666664,55.1939
2016-05-19 10:00:00,38.333333333333336,53.717155
2016-05-19 10:10:00,40.0,52.48197
2016-05-19 10:20:00,46.666666666666664,53.498486
2016-05-19 10:30:00,48.333333333333336,54.64237
2016-05-19 10:40:00,51.666666666666664,57.661533
2016-05-19 10:50:00,55.0,59.08146
2016-05-19 11:00:00,51.666666666666664,60.042595
2016-05-19 11:10:00,51.666666666666664,61.975296
2016-05-19 11:20:00,50.0,59.179615
2016-05-19 11:30:00,50.0,57.859097
2016-05-19 11:40:00,51.666666666666664,57.440437
2016-05-19 11:50:00,51.666666666666664,57.065197
2016-05-19 12:00:00,55.0,58.377934
2016-05-19 12:10:00,55.0,58.797794
2016-05-19 12:20:00,58.333333333333336,60.79495
2016-05-19 12:30:00,58.333333333333336,60.56779
2016-05-19 12:40:00,58.333333333333336,61.930363
2016-05-19 12:50:00,55.0,62.36914
2016-05-19 13:00:00,53.333333333333336,61.80613
2016-05-19 13:10:00,51.666666666666664,60.24052
2016-05-19 13:20:00,48.333333333333336,60.174862
2016-05-19 13:30:00,48.333333333333336,59.369453
2016-05-19 13:40:00,46.666666666666664,58.248436
2016-05-19 13:50:00,50.0,58.395718
2016-05-19 14:00:00,50.0,58.11652
2016-05-19 14:10:00,53.333333333333336,59.239513
2016-05-19 14:20:00,53.333333333333336,59.794662
2016-05-19 14:30:00,55.0,60.812588
2016-05-19 14:40:00,60.0,61.150803
2016-05-19 14:50:00,63.333333333333336,61.672977
2016-05-19 15:00:00,68.33333333333333,64.57288
2016-05-19 15:10:00,71.66666666666667,66.620544
2016-05-19 15:20:00,76.66666666666667,70.49471
2016-05-19 15:30:00,80.0,74.08281
2016-05-19 15:40:00,81.66666666666667,78.926285
2016-05-19 15:50:00,81.66666666666667,81.75416
2016-05-19 16:00:00,85.0,81.668175
2016-05-19 16:10:00,86.66666666666667,82.58597
2016-05-19 16:20:00,88.33333333333333,87.601234
2016-05-19 16:30:00,88.33333333333333,94.04958
2016-05-19 16:40:00,90.0,98.008766
2016-05-19 16:50:00,90.0,98.54621
2016-05-19 17:00:00,85.0,100.74527
2016-05-19 17:10:00,85.0,98.43847
2016-05-19 17:20:00,81.66666666666667,90.828445
2016-05-19 17:30:00,85.0,97.254555
2016-05-19 17:40:00,135.0,92.67053
2016-05-19 17:50:00,208.33333333333334,99.379524
2016-05-19 18:00:00,223.33333333333334,203.7227
2016-05-19 18:10:00,225.0,273.249
2016-05-19 18:20:00,248.33333333333334,257.25388
2016-05-19 18:30:00,250.0,268.65955
2016-05-19 18:40:00,195.0,241.03947
2016-05-19 18:50:00,120.0,153.3135
2016-05-19 19:00:00,105.0,120.60807
2016-05-19 19:10:00,105.0,108.98661
2016-05-19 19:20:00,88.33333333333333,107.6793
2016-05-19 19:30:00,86.66666666666667,104.50665
2016-05-19 19:40:00,93.33333333333333,89.45387
2016-05-19 19:50:00,98.33333333333333,100.79812
2016-05-19 20:00:00,115.0,117.92828
2016-05-19 20:10:00,116.66666666666667,117.7287
2016-05-19 20:20:00,120.0,132.04567
2016-05-19 20:30:00,123.33333333333333,120.06588
2016-05-19 20:40:00,120.0,116.43622
2016-05-19 20:50:00,118.33333333333333,118.52782
2016-05-19 21:00:00,101.66666666666667,114.37203
2016-05-19 21:10:00,96.66666666666667,108.617455
2016-05-19 21:20:00,86.66666666666667,95.26266
2016-05-19 21:30:00,76.66666666666667,95.45861
2016-05-19 21:40:00,71.66666666666667,85.221016
2016-05-19 21:50:00,66.66666666666667,78.45051
2016-05-19 22:00:00,63.333333333333336,75.22161
2016-05-19 22:10:00,58.333333333333336,68.733574
2016-05-19 22:20:00,55.0,64.749466
2016-05-19 22:30:00,53.333333333333336,62.450993
2016-05-19 22:40:00,51.666666666666664,60.362244
2016-05-19 22:50:00,50.0,59.773872
2016-05-19 23:00:00,51.666666666666664,59.98579
2016-05-19 23:10:00,51.666666666666664,59.69169
2016-05-19 23:20:00,53.333333333333336,60.297894
2016-05-19 23:30:00,55.0,60.4129
2016-05-19 23:40:00,55.0,61.198143
2016-05-19 23:50:00,56.666666666666664,61.57715
2016-05-20 00:00:00,53.333333333333336,60.991352
2016-05-20 00:10:00,53.333333333333336,60.35509
2016-05-20 00:20:00,51.666666666666664,57.456505
2016-05-20 00:30:00,51.666666666666664,56.83478
2016-05-20 00:40:00,50.0,56.055244
2016-05-20 00:50:00,51.666666666666664,55.92852
2016-05-20 01:00:00,53.333333333333336,55.65067
2016-05-20 01:10:00,53.333333333333336,56.075417
2016-05-20 01:20:00,55.0,57.040844
2016-05-20 01:30:00,53.333333333333336,57.10359
2016-05-20 01:40:00,56.666666666666664,57.89555
2016-05-20 01:50:00,51.666666666666664,57.100773
2016-05-20 02:00:00,51.666666666666664,58.23922
2016-05-20 02:10:00,50.0,56.161522
2016-05-20 02:20:00,45.0,55.192688
2016-05-20 02:30:00,40.0,54.514904
2016-05-20 02:40:00,35.0,52.26252
2016-05-20 02:50:00,36.666666666666664,49.783367
2016-05-20 03:00:00,40.0,47.82638
2016-05-20 03:10:00,43.333333333333336,48.553493
2016-05-20 03:20:00,46.666666666666664,50.586624
2016-05-20 03:30:00,53.333333333333336,53.25067
2016-05-20 03:40:00,58.333333333333336,55.5144
2016-05-20 03:50:00,58.333333333333336,58.9077
2016-05-20 04:00:00,55.0,61.175926
2016-05-20 04:10:00,53.333333333333336,59.788307
2016-05-20 04:20:00,53.333333333333336,56.038193
2016-05-20 04:30:00,51.666666666666664,53.725147
2016-05-20 04:40:00,50.0,53.67191
2016-05-20 04:50:00,51.666666666666664,54.19159
2016-05-20 05:00:00,56.666666666666664,54.661346
2016-05-20 05:10:00,61.666666666666664,56.690742
2016-05-20 05:20:00,61.666666666666664,61.63684
2016-05-20 05:30:00,63.333333333333336,66.925606
2016-05-20 05:40:00,65.0,67.21582
2016-05-20 05:50:00,61.666666666666664,67.07224
2016-05-20 06:00:00,58.333333333333336,67.19211
2016-05-20 06:10:00,53.333333333333336,63.12624
2016-05-20 06:20:00,53.333333333333336,61.24111
2016-05-20 06:30:00,53.333333333333336,59.639847
2016-05-20 06:40:00,58.333333333333336,60.71928
2016-05-20 06:50:00,66.66666666666667,62.5246
2016-05-20 07:00:00,70.0,68.997505
2016-05-20 07:10:00,76.66666666666667,82.68122
2016-05-20 07:20:00,81.66666666666667,88.26603
2016-05-20 07:30:00,83.33333333333333,94.175186
2016-05-20 07:40:00,81.66666666666667,95.667854
2016-05-20 07:50:00,80.0,89.68755
2016-05-20 08:00:00,85.0,85.21534
2016-05-20 08:10:00,91.66666666666667,83.80648
2016-05-20 08:20:00,106.66666666666667,97.93794
2016-05-20 08:30:00,116.66666666666667,111.668015
2016-05-20 08:40:00,125.0,133.90517
2016-05-20 08:50:00,126.66666666666667,140.17928
2016-05-20 09:00:00,120.0,137.32909
2016-05-20 09:10:00,108.33333333333333,121.7013
2016-05-20 09:20:00,95.0,101.95857
2016-05-20 09:30:00,86.66666666666667,90.72084
2016-05-20 09:40:00,78.33333333333333,88.49431
2016-05-20 09:50:00,73.33333333333333,91.91421
2016-05-20 10:00:00,78.33333333333333,89.17016
2016-05-20 10:10:00,81.66666666666667,85.4453
2016-05-20 10:20:00,78.33333333333333,98.96366
2016-05-20 10:30:00,80.0,97.18187
2016-05-20 10:40:00,78.33333333333333,85.4973
2016-05-20 10:50:00,81.66666666666667,87.58317
2016-05-20 11:00:00,76.66666666666667,78.59795
2016-05-20 11:10:00,76.66666666666667,78.71119
2016-05-20 11:20:00,75.0,76.903885
2016-05-20 11:30:00,70.0,79.101555
2016-05-20 11:40:00,78.33333333333333,78.35563
2016-05-20 11:50:00,73.33333333333333,71.8032
2016-05-20 12:00:00,73.33333333333333,84.70937
2016-05-20 12:10:00,70.0,75.58524
2016-05-20 12:20:00,75.0,72.85205
2016-05-20 12:30:00,76.66666666666667,72.43447
2016-05-20 12:40:00,68.33333333333333,74.67191
2016-05-20 12:50:00,71.66666666666667,76.02732
2016-05-20 13:00:00,71.66666666666667,67.064445
2016-05-20 13:10:00,71.66666666666667,73.41194
2016-05-20 13:20:00,68.33333333333333,70.38464
2016-05-20 13:30:00,66.66666666666667,67.941536
2016-05-20 13:40:00,63.333333333333336,67.26734
2016-05-20 13:50:00,61.666666666666664,65.247215
2016-05-20 14:00:00,60.0,62.9972
2016-05-20 14:10:00,61.666666666666664,62.257195
2016-05-20 14:20:00,60.0,61.359818
2016-05-20 14:30:00,60.0,62.634995
2016-05-20 14:40:00,60.0,62.183678
2016-05-20 14:50:00,60.0,62.756886
2016-05-20 15:00:00,58.333333333333336,62.24938
2016-05-20 15:10:00,53.333333333333336,61.420124
2016-05-20 15:20:00,51.666666666666664,60.06308
2016-05-20 15:30:00,50.0,57.609627
2016-05-20 15:40:00,50.0,56.906372
2016-05-20 15:50:00,46.666666666666664,56.990417
2016-05-20 16:00:00,43.333333333333336,56.950993
2016-05-20 16:10:00,43.333333333333336,56.5314
2016-05-20 16:20:00,40.0,54.363186
2016-05-20 16:30:00,41.666666666666664,55.9518
2016-05-20 16:40:00,43.333333333333336,54.48627
2016-05-20 16:50:00,48.333333333333336,55.44594
2016-05-20 17:00:00,58.333333333333336,58.131447
2016-05-20 17:10:00,61.666666666666664,61.55553
2016-05-20 17:20:00,70.0,71.76384
2016-05-20 17:30:00,71.66666666666667,74.91386
2016-05-20 17:40:00,75.0,86.22752
2016-05-20 17:50:00,75.0,84.14634
2016-05-20 18:00:00,75.0,85.30449
2016-05-20 18:10:00,78.33333333333333,84.35872
2016-05-20 18:20:00,78.33333333333333,84.13125
2016-05-20 18:30:00,78.33333333333333,94.84074
2016-05-20 18:40:00,76.66666666666667,94.24016
2016-05-20 18:50:00,78.33333333333333,94.14471
2016-05-20 19:00:00,75.0,91.23445
2016-05-20 19:10:00,71.66666666666667,91.300835
2016-05-20 19:20:00,68.33333333333333,86.475334
2016-05-20 19:30:00,68.33333333333333,85.25367
2016-05-20 19:40:00,66.66666666666667,82.80408
2016-05-20 19:50:00,65.0,82.63989
2016-05-20 20:00:00,65.0,80.13702
2016-05-20 20:10:00,66.66666666666667,77.714485
2016-05-20 20:20:00,68.33333333333333,76.795364
2016-05-20 20:30:00,68.33333333333333,78.86407
2016-05-20 20:40:00,71.66666666666667,79.92063
2016-05-20 20:50:00,70.0,79.395164
2016-05-20 21:00:00,70.0,83.47266
2016-05-20 21:10:00,68.33333333333333,79.41942
2016-05-20 21:20:00,70.0,75.46355
2016-05-20 21:30:00,70.0,73.99859
2016-05-20 21:40:00,65.0,74.76798
2016-05-20 21:50:00,65.0,75.22859
2016-05-20 22:00:00,60.0,70.64285
2016-05-20 22:10:00,60.0,69.91099
2016-05-20 22:20:00,55.0,64.63462
2016-05-20 22:30:00,53.333333333333336,63.72895
2016-05-20 22:40:00,55.0,61.506435
2016-05-20 22:50:00,53.333333333333336,60.500015
2016-05-20 23:00:00,55.0,62.15207
2016-05-20 23:10:00,53.333333333333336,61.03483
2016-05-20 23:20:00,53.333333333333336,61.16067
2016-05-20 23:30:00,51.666666666666664,60.85756
2016-05-20 23:40:00,48.333333333333336,60.405907
2016-05-20 23:50:00,45.0,59.40334
2016-05-21 00:00:00,43.333333333333336,57.38693
2016-05-21 00:10:00,41.666666666666664,55.437355
2016-05-21 00:20:00,40.0,54.20091
2016-05-21 00:30:00,41.666666666666664,53.38822
2016-05-21 00:40:00,45.0,52.65447
2016-05-21 00:50:00,48.333333333333336,53.399384
2016-05-21 01:00:00,51.666666666666664,55.493683
2016-05-21 01:10:00,53.333333333333336,56.984753
2016-05-21 01:20:00,55.0,58.519882
2016-05-21 01:30:00,53.333333333333336,58.82058
2016-05-21 01:40:00,51.666666666666664,58.29424
2016-05-21 01:50:00,51.666666666666664,56.512993
2016-05-21 02:00:00,51.666666666666664,54.804787
2016-05-21 02:10:00,51.666666666666664,54.329956
2016-05-21 02:20:00,53.333333333333336,54.828568
2016-05-21 02:30:00,53.333333333333336,55.45431
2016-05-21 02:40:00,55.0,56.892185
2016-05-21 02:50:00,56.666666666666664,57.147427
2016-05-21 03:00:00,53.333333333333336,57.889706
2016-05-21 03:10:00,53.333333333333336,58.9931
2016-05-21 03:20:00,51.666666666666664,57.079872
2016-05-21 03:30:00,50.0,56.479492
2016-05-21 03:40:00,50.0,55.75472
2016-05-21 03:50:00,48.333333333333336,54.94818
2016-05-21 04:00:00,51.666666666666664,55.222595
2016-05-21 04:10:00,53.333333333333336,55.263496
2016-05-21 04:20:00,55.0,58.011707
2016-05-21 04:30:00,56.666666666666664,59.67181
2016-05-21 04:40:00,56.666666666666664,60.84187
2016-05-21 04:50:00,56.666666666666664,61.558224
2016-05-21 05:00:00,58.333333333333336,61.09207
2016-05-21 05:10:00,55.0,60.473286
2016-05-21 05:20:00,53.333333333333336,61.25523
2016-05-21 05:30:00,53.333333333333336,59.586163
2016-05-21 05:40:00,51.666666666666664,58.488937
2016-05-21 05:50:00,51.666666666666664,58.9977
2016-05-21 06:00:00,48.333333333333336,58.49018
2016-05-21 06:10:00,51.666666666666664,58.517822
2016-05-21 06:20:00,53.333333333333336,58.003937
2016-05-21 06:30:00,53.333333333333336,60.4956
2016-05-21 06:40:00,55.0,62.540607
2016-05-21 06:50:00,60.0,63.00929
2016-05-21 07:00:00,65.0,64.3364
2016-05-21 07:10:00,63.333333333333336,68.8956
2016-05-21 07:20:00,61.666666666666664,76.273994
2016-05-21 07:30:00,63.333333333333336,73.08901
2016-05-21 07:40:00,61.666666666666664,69.93456
2016-05-21 07:50:00,56.666666666666664,70.79697
2016-05-21 08:00:00,56.666666666666664,68.62559
2016-05-21 08:10:00,103.33333333333333,64.41552
2016-05-21 08:20:00,141.66666666666666,67.124115
2016-05-21 08:30:00,153.33333333333334,156.2962
2016-05-21 08:40:00,200.0,177.72592
2016-05-21 08:50:00,208.33333333333334,194.34546
2016-05-21 09:00:00,211.66666666666666,264.87634
2016-05-21 09:10:00,170.0,186.1964
2016-05-21 09:20:00,138.33333333333334,140.30559
2016-05-21 09:30:00,181.66666666666666,117.35554
2016-05-21 09:40:00,258.3333333333333,101.53912
2016-05-21 09:50:00,310.0,228.1832
2016-05-21 10:00:00,338.3333333333333,342.3624
2016-05-21 10:10:00,381.6666666666667,413.17996
2016-05-21 10:20:00,411.6666666666667,456.28763
2016-05-21 10:30:00,403.3333333333333,420.98425
2016-05-21 10:40:00,373.3333333333333,327.9601
2016-05-21 10:50:00,383.3333333333333,293.20398
2016-05-21 11:00:00,356.6666666666667,321.99106
2016-05-21 11:10:00,398.3333333333333,360.2559
2016-05-21 11:20:00,473.3333333333333,316.3456
2016-05-21 11:30:00,516.6666666666666,390.93588
2016-05-21 11:40:00,458.3333333333333,449.2985
2016-05-21 11:50:00,431.6666666666667,503.00836
2016-05-21 12:00:00,458.3333333333333,468.3262
2016-05-21 12:10:00,401.6666666666667,361.18884
2016-05-21 12:20:00,326.6666666666667,283.537
2016-05-21 12:30:00,265.0,218.05693
2016-05-21 12:40:00,255.0,287.33496
2016-05-21 12:50:00,228.33333333333334,327.78745
2016-05-21 13:00:00,196.66666666666666,318.91046
2016-05-21 13:10:00,246.66666666666666,258.51974
2016-05-21 13:20:00,305.0,224.6449
2016-05-21 13:30:00,308.3333333333333,326.75812
2016-05-21 13:40:00,325.0,374.6449
2016-05-21 13:50:00,343.3333333333333,351.3587
2016-05-21 14:00:00,366.6666666666667,359.40833
2016-05-21 14:10:00,320.0,303.4311
2016-05-21 14:20:00,253.33333333333334,271.85995
2016-05-21 14:30:00,230.0,290.22165
2016-05-21 14:40:00,260.0,287.6419
2016-05-21 14:50:00,303.3333333333333,279.80554
2016-05-21 15:00:00,330.0,338.5682
2016-05-21 15:10:00,376.6666666666667,371.2771
2016-05-21 15:20:00,430.0,409.08197
2016-05-21 15:30:00,468.3333333333333,491.09122
2016-05-21 15:40:00,425.0,509.0525
2016-05-21 15:50:00,361.6666666666667,431.30896
2016-05-21 16:00:00,316.6666666666667,343.43515
2016-05-21 16:10:00,240.0,278.89874
2016-05-21 16:20:00,168.33333333333334,253.62418
2016-05-21 16:30:00,128.33333333333334,195.99716
2016-05-21 16:40:00,106.66666666666667,143.99448
2016-05-21 16:50:00,100.0,140.99991
2016-05-21 17:00:00,101.66666666666667,125.88044
2016-05-21 17:10:00,105.0,133.47762
2016-05-21 17:20:00,101.66666666666667,154.36566
2016-05-21 17:30:00,98.33333333333333,146.57713
2016-05-21 17:40:00,98.33333333333333,116.80587
2016-05-21 17:50:00,95.0,106.67077
2016-05-21 18:00:00,100.0,104.16181
2016-05-21 18:10:00,103.33333333333333,104.5867
2016-05-21 18:20:00,108.33333333333333,122.49
2016-05-21 18:30:00,115.0,132.63248
2016-05-21 18:40:00,120.0,131.75377
2016-05-21 18:50:00,125.0,135.75331
2016-05-21 19:00:00,118.33333333333333,131.15628
2016-05-21 19:10:00,115.0,126.63
2016-05-21 19:20:00,113.33333333333333,118.845634
2016-05-21 19:30:00,111.66666666666667,120.94552
2016-05-21 19:40:00,110.0,120.16523
2016-05-21 19:50:00,108.33333333333333,119.04315
2016-05-21 20:00:00,108.33333333333333,121.14504
2016-05-21 20:10:00,106.66666666666667,116.53937
2016-05-21 20:20:00,105.0,114.464355
2016-05-21 20:30:00,103.33333333333333,111.70013
2016-05-21 20:40:00,96.66666666666667,107.164406
2016-05-21 20:50:00,95.0,106.676926
2016-05-21 21:00:00,93.33333333333333,101.785736
2016-05-21 21:10:00,95.0,101.250565
2016-05-21 21:20:00,135.0,96.717865
2016-05-21 21:30:00,133.33333333333334,98.713165
2016-05-21 21:40:00,136.66666666666666,147.16286
2016-05-21 21:50:00,135.0,132.73787
2016-05-21 22:00:00,133.33333333333334,140.82979
2016-05-21 22:10:00,125.0,125.66902
2016-05-21 22:20:00,81.66666666666667,106.84287
2016-05-21 22:30:00,78.33333333333333,92.663895
2016-05-21 22:40:00,75.0,70.73943
2016-05-21 22:50:00,73.33333333333333,74.033455
2016-05-21 23:00:00,70.0,72.9716
2016-05-21 23:10:00,86.66666666666667,71.68866
2016-05-21 23:20:00,141.66666666666666,72.671684
2016-05-21 23:30:00,153.33333333333334,96.597115
2016-05-21 23:40:00,151.66666666666666,177.21849
2016-05-21 23:50:00,148.33333333333334,174.30568
2016-05-22 00:00:00,146.66666666666666,172.45709
2016-05-22 00:10:00,130.0,143.74117
2016-05-22 00:20:00,71.66666666666667,101.448906
2016-05-22 00:30:00,58.333333333333336,76.62319
2016-05-22 00:40:00,58.333333333333336,59.724194
2016-05-22 00:50:00,60.0,56.404125
2016-05-22 01:00:00,58.333333333333336,58.82446
2016-05-22 01:10:00,58.333333333333336,61.731453
2016-05-22 01:20:00,58.333333333333336,64.43335
2016-05-22 01:30:00,56.666666666666664,67.51622
2016-05-22 01:40:00,56.666666666666664,65.49685
2016-05-22 01:50:00,56.666666666666664,61.829887
2016-05-22 02:00:00,56.666666666666664,60.587563
2016-05-22 02:10:00,55.0,60.48245
2016-05-22 02:20:00,53.333333333333336,61.945812
2016-05-22 02:30:00,53.333333333333336,62.74101
2016-05-22 02:40:00,51.666666666666664,61.230198
2016-05-22 02:50:00,51.666666666666664,60.053555
2016-05-22 03:00:00,51.666666666666664,59.133858
2016-05-22 03:10:00,51.666666666666664,59.36649
2016-05-22 03:20:00,53.333333333333336,59.60498
2016-05-22 03:30:00,53.333333333333336,58.61028
2016-05-22 03:40:00,55.0,59.55371
2016-05-22 03:50:00,53.333333333333336,60.924965
2016-05-22 04:00:00,55.0,62.299084
2016-05-22 04:10:00,55.0,61.507854
2016-05-22 04:20:00,55.0,61.81061
2016-05-22 04:30:00,55.0,63.35308
2016-05-22 04:40:00,55.0,63.74576
2016-05-22 04:50:00,55.0,62.492546
2016-05-22 05:00:00,55.0,61.637333
2016-05-22 05:10:00,55.0,60.738598
2016-05-22 05:20:00,53.333333333333336,62.845036
2016-05-22 05:30:00,51.666666666666664,63.832687
2016-05-22 05:40:00,50.0,63.667805
2016-05-22 05:50:00,50.0,63.07269
2016-05-22 06:00:00,48.333333333333336,62.286816
2016-05-22 06:10:00,48.333333333333336,62.63698
2016-05-22 06:20:00,50.0,61.882748
2016-05-22 06:30:00,55.0,62.528427
2016-05-22 06:40:00,56.666666666666664,63.97671
2016-05-22 06:50:00,58.333333333333336,68.189285
2016-05-22 07:00:00,60.0,69.51947
2016-05-22 07:10:00,61.666666666666664,69.50822
2016-05-22 07:20:00,61.666666666666664,71.58346
2016-05-22 07:30:00,61.666666666666664,70.54697
2016-05-22 07:40:00,63.333333333333336,69.269554
2016-05-22 07:50:00,63.333333333333336,69.65979
2016-05-22 08:00:00,63.333333333333336,71.530914
2016-05-22 08:10:00,61.666666666666664,70.9712
2016-05-22 08:20:00,61.666666666666664,72.92098
2016-05-22 08:30:00,86.66666666666667,70.74095
2016-05-22 08:40:00,156.66666666666666,69.88152
2016-05-22 08:50:00,190.0,119.05365
2016-05-22 09:00:00,200.0,214.46574
2016-05-22 09:10:00,211.66666666666666,238.96347
2016-05-22 09:20:00,218.33333333333334,257.09305
2016-05-22 09:30:00,203.33333333333334,235.10135
2016-05-22 09:40:00,138.33333333333334,149.50241
2016-05-22 09:50:00,113.33333333333333,112.94586
2016-05-22 10:00:00,106.66666666666667,95.20542
2016-05-22 10:10:00,101.66666666666667,121.53633
2016-05-22 10:20:00,98.33333333333333,142.66954
2016-05-22 10:30:00,101.66666666666667,122.97748
2016-05-22 10:40:00,166.66666666666666,119.55657
2016-05-22 10:50:00,201.66666666666666,138.99646
2016-05-22 11:00:00,248.33333333333334,263.48398
2016-05-22 11:10:00,311.6666666666667,260.9294
2016-05-22 11:20:00,366.6666666666667,334.2926
2016-05-22 11:30:00,390.0,388.5971
2016-05-22 11:40:00,355.0,366.8963
2016-05-22 11:50:00,343.3333333333333,354.91138
2016-05-22 12:00:00,315.0,332.9187
2016-05-22 12:10:00,258.3333333333333,268.09244
2016-05-22 12:20:00,208.33333333333334,203.70523
2016-05-22 12:30:00,178.33333333333334,176.52414
2016-05-22 12:40:00,151.66666666666666,177.39604
2016-05-22 12:50:00,126.66666666666667,179.50276
2016-05-22 13:00:00,111.66666666666667,160.57361
2016-05-22 13:10:00,106.66666666666667,125.04419
2016-05-22 13:20:00,106.66666666666667,106.46447
2016-05-22 13:30:00,106.66666666666667,96.77096
2016-05-22 13:40:00,103.33333333333333,91.92164
2016-05-22 13:50:00,103.33333333333333,98.70678
2016-05-22 14:00:00,105.0,95.05083
2016-05-22 14:10:00,106.66666666666667,98.31576
2016-05-22 14:20:00,106.66666666666667,101.62466
2016-05-22 14:30:00,106.66666666666667,109.37922
2016-05-22 14:40:00,106.66666666666667,110.50686
2016-05-22 14:50:00,106.66666666666667,119.67518
2016-05-22 15:00:00,103.33333333333333,119.43366
2016-05-22 15:10:00,101.66666666666667,125.276054
2016-05-22 15:20:00,100.0,116.70484
2016-05-22 15:30:00,100.0,109.344666
2016-05-22 15:40:00,98.33333333333333,105.10807
2016-05-22 15:50:00,96.66666666666667,105.95616
2016-05-22 16:00:00,96.66666666666667,104.85923
2016-05-22 16:10:00,93.33333333333333,103.32326
2016-05-22 16:20:00,93.33333333333333,103.770836
2016-05-22 16:30:00,90.0,100.24878
2016-05-22 16:40:00,90.0,100.40862
2016-05-22 16:50:00,88.33333333333333,97.098274
2016-05-22 17:00:00,108.33333333333333,99.614624
2016-05-22 17:10:00,168.33333333333334,101.77828
2016-05-22 17:20:00,208.33333333333334,141.91504
2016-05-22 17:30:00,233.33333333333334,228.84424
2016-05-22 17:40:00,251.66666666666666,243.25958
2016-05-22 17:50:00,265.0,278.56055
2016-05-22 18:00:00,251.66666666666666,281.89868
2016-05-22 18:10:00,196.66666666666666,220.01726
2016-05-22 18:20:00,160.0,162.49565
2016-05-22 18:30:00,138.33333333333334,130.55656
2016-05-22 18:40:00,125.0,131.28137
2016-05-22 18:50:00,120.0,135.71912
2016-05-22 19:00:00,116.66666666666667,128.15782
2016-05-22 19:10:00,116.66666666666667,122.4981
2016-05-22 19:20:00,115.0,120.3293
2016-05-22 19:30:00,111.66666666666667,124.56682
2016-05-22 19:40:00,105.0,116.514084
2016-05-22 19:50:00,96.66666666666667,109.60684
2016-05-22 20:00:00,93.33333333333333,102.6606
2016-05-22 20:10:00,95.0,95.18246
2016-05-22 20:20:00,96.66666666666667,92.55712
2016-05-22 20:30:00,103.33333333333333,100.0594
2016-05-22 20:40:00,110.0,103.34079
2016-05-22 20:50:00,116.66666666666667,117.24553
2016-05-22 21:00:00,116.66666666666667,128.94872
2016-05-22 21:10:00,113.33333333333333,127.23871
2016-05-22 21:20:00,110.0,113.396576
2016-05-22 21:30:00,103.33333333333333,102.78674
2016-05-22 21:40:00,96.66666666666667,97.86213
2016-05-22 21:50:00,88.33333333333333,91.8215
2016-05-22 22:00:00,86.66666666666667,88.290855
2016-05-22 22:10:00,80.0,78.55263
2016-05-22 22:20:00,76.66666666666667,78.887695
2016-05-22 22:30:00,78.33333333333333,74.10421
2016-05-22 22:40:00,78.33333333333333,70.8813
2016-05-22 22:50:00,78.33333333333333,74.72397
2016-05-22 23:00:00,75.0,75.81522
2016-05-22 23:10:00,75.0,73.97101
2016-05-22 23:20:00,71.66666666666667,70.33112
2016-05-22 23:30:00,65.0,68.503944
2016-05-22 23:40:00,61.666666666666664,64.942924
2016-05-22 23:50:00,60.0,60.576412
2016-05-23 00:00:00,60.0,59.49975
2016-05-23 00:10:00,60.0,59.186844
2016-05-23 00:20:00,60.0,59.44227
2016-05-23 00:30:00,60.0,60.01716
2016-05-23 00:40:00,60.0,60.14256
2016-05-23 00:50:00,58.333333333333336,59.525856
2016-05-23 01:00:00,56.666666666666664,58.731216
2016-05-23 01:10:00,55.0,56.86647
2016-05-23 01:20:00,53.333333333333336,55.690643
2016-05-23 01:30:00,51.666666666666664,55.03285
2016-05-23 01:40:00,50.0,54.511276
2016-05-23 01:50:00,51.666666666666664,53.859364
2016-05-23 02:00:00,51.666666666666664,53.23634
2016-05-23 02:10:00,53.333333333333336,53.743298
2016-05-23 02:20:00,55.0,54.219395
2016-05-23 02:30:00,56.666666666666664,55.5052
2016-05-23 02:40:00,58.333333333333336,56.57939
2016-05-23 02:50:00,58.333333333333336,57.307472
2016-05-23 03:00:00,58.333333333333336,57.890003
2016-05-23 03:10:00,58.333333333333336,57.76673
2016-05-23 03:20:00,56.666666666666664,57.67796
2016-05-23 03:30:00,55.0,57.74514
2016-05-23 03:40:00,53.333333333333336,57.313107
2016-05-23 03:50:00,51.666666666666664,56.766136
2016-05-23 04:00:00,51.666666666666664,56.231026
2016-05-23 04:10:00,50.0,55.862957
2016-05-23 04:20:00,48.333333333333336,56.272064
2016-05-23 04:30:00,48.333333333333336,56.042686
2016-05-23 04:40:00,48.333333333333336,55.50868
2016-05-23 04:50:00,50.0,55.68253
2016-05-23 05:00:00,56.666666666666664,56.040466
2016-05-23 05:10:00,58.333333333333336,57.043667
2016-05-23 05:20:00,63.333333333333336,62.65178
2016-05-23 05:30:00,66.66666666666667,65.270355
2016-05-23 05:40:00,66.66666666666667,69.25066
2016-05-23 05:50:00,66.66666666666667,72.46687
2016-05-23 06:00:00,61.666666666666664,69.626945
2016-05-23 06:10:00,61.666666666666664,67.11562
2016-05-23 06:20:00,58.333333333333336,64.58941
2016-05-23 06:30:00,60.0,65.11242
2016-05-23 06:40:00,60.0,65.17685
2016-05-23 06:50:00,60.0,69.2093
2016-05-23 07:00:00,60.0,72.71271
2016-05-23 07:10:00,58.333333333333336,73.522415
2016-05-23 07:20:00,61.666666666666664,74.459984
2016-05-23 07:30:00,56.666666666666664,71.04888
2016-05-23 07:40:00,58.333333333333336,72.76755
2016-05-23 07:50:00,56.666666666666664,69.47857
2016-05-23 08:00:00,55.0,70.21189
2016-05-23 08:10:00,55.0,69.31407
2016-05-23 08:20:00,51.666666666666664,67.53098
2016-05-23 08:30:00,51.666666666666664,66.90029
2016-05-23 08:40:00,51.666666666666664,64.722015
2016-05-23 08:50:00,51.666666666666664,64.26859
2016-05-23 09:00:00,53.333333333333336,64.97829
2016-05-23 09:10:00,53.333333333333336,64.67336
2016-05-23 09:20:00,55.0,66.512245
2016-05-23 09:30:00,55.0,65.5802
2016-05-23 09:40:00,55.0,66.122
2016-05-23 09:50:00,55.0,66.01388
2016-05-23 10:00:00,53.333333333333336,65.17842
2016-05-23 10:10:00,53.333333333333336,64.79096
2016-05-23 10:20:00,50.0,63.398838
2016-05-23 10:30:00,51.666666666666664,62.101894
2016-05-23 10:40:00,50.0,60.130177
2016-05-23 10:50:00,51.666666666666664,61.23186
2016-05-23 11:00:00,51.666666666666664,60.486332
2016-05-23 11:10:00,53.333333333333336,61.110428
2016-05-23 11:20:00,55.0,61.619728
2016-05-23 11:30:00,55.0,61.713318
2016-05-23 11:40:00,56.666666666666664,62.478916
2016-05-23 11:50:00,56.666666666666664,62.470486
2016-05-23 12:00:00,55.0,62.72555
2016-05-23 12:10:00,53.333333333333336,62.287025
2016-05-23 12:20:00,55.0,60.170177
2016-05-23 12:30:00,55.0,58.605762
2016-05-23 12:40:00,58.333333333333336,59.583843
2016-05-23 12:50:00,61.666666666666664,59.546474
2016-05-23 13:00:00,63.333333333333336,61.798244
2016-05-23 13:10:00,65.0,66.2769
2016-05-23 13:20:00,65.0,67.01155
2016-05-23 13:30:00,63.333333333333336,67.109085
2016-05-23 13:40:00,60.0,66.858925
2016-05-23 13:50:00,56.666666666666664,64.196724
2016-05-23 14:00:00,58.333333333333336,61.733387
2016-05-23 14:10:00,56.666666666666664,59.93967
2016-05-23 14:20:00,56.666666666666664,61.93932
2016-05-23 14:30:00,55.0,61.509323
2016-05-23 14:40:00,56.666666666666664,61.786777
2016-05-23 14:50:00,58.333333333333336,60.86711
2016-05-23 15:00:00,60.0,61.256622
2016-05-23 15:10:00,63.333333333333336,62.145336
2016-05-23 15:20:00,66.66666666666667,63.725037
2016-05-23 15:30:00,70.0,68.42065
2016-05-23 15:40:00,73.33333333333333,72.357414
2016-05-23 15:50:00,73.33333333333333,74.83523
2016-05-23 16:00:00,73.33333333333333,77.28506
2016-05-23 16:10:00,71.66666666666667,75.7569
2016-05-23 16:20:00,70.0,74.1332
2016-05-23 16:30:00,76.66666666666667,75.59655
2016-05-23 16:40:00,110.0,75.406456
2016-05-23 16:50:00,156.66666666666666,89.47869
2016-05-23 17:00:00,190.0,158.6607
2016-05-23 17:10:00,218.33333333333334,195.64117
2016-05-23 17:20:00,246.66666666666666,217.76776
2016-05-23 17:30:00,328.3333333333333,252.90381
2016-05-23 17:40:00,361.6666666666667,244.00264
2016-05-23 17:50:00,380.0,309.8621
2016-05-23 18:00:00,361.6666666666667,334.22214
2016-05-23 18:10:00,343.3333333333333,384.9989
2016-05-23 18:20:00,321.6666666666667,348.2854
2016-05-23 18:30:00,243.33333333333334,234.96445
2016-05-23 18:40:00,181.66666666666666,174.53404
2016-05-23 18:50:00,123.33333333333333,151.86525
2016-05-23 19:00:00,125.0,167.94556
2016-05-23 19:10:00,123.33333333333333,142.77547
2016-05-23 19:20:00,123.33333333333333,161.85759
2016-05-23 19:30:00,121.66666666666667,140.64874
2016-05-23 19:40:00,120.0,135.5051
2016-05-23 19:50:00,120.0,138.08755
2016-05-23 20:00:00,110.0,122.58392
2016-05-23 20:10:00,110.0,112.82907
2016-05-23 20:20:00,108.33333333333333,95.224434
2016-05-23 20:30:00,108.33333333333333,106.47822
2016-05-23 20:40:00,106.66666666666667,112.296616
2016-05-23 20:50:00,105.0,118.07925
2016-05-23 21:00:00,100.0,117.368774
2016-05-23 21:10:00,93.33333333333333,107.20793
2016-05-23 21:20:00,88.33333333333333,98.987335
2016-05-23 21:30:00,80.0,90.422165
2016-05-23 21:40:00,75.0,81.828735
2016-05-23 21:50:00,68.33333333333333,71.66607
2016-05-23 22:00:00,65.0,67.904236
2016-05-23 22:10:00,65.0,63.854183
2016-05-23 22:20:00,65.0,61.966362
2016-05-23 22:30:00,66.66666666666667,63.343273
2016-05-23 22:40:00,65.0,64.80663
2016-05-23 22:50:00,63.333333333333336,68.47183
2016-05-23 23:00:00,65.0,68.66046
2016-05-23 23:10:00,61.666666666666664,66.97095
2016-05-23 23:20:00,60.0,66.11609
2016-05-23 23:30:00,58.333333333333336,64.2472
2016-05-23 23:40:00,56.666666666666664,62.935608
2016-05-23 23:50:00,58.333333333333336,62.22234
2016-05-24 00:00:00,56.666666666666664,61.323425
2016-05-24 00:10:00,56.666666666666664,61.109806
2016-05-24 00:20:00,53.333333333333336,61.066723
2016-05-24 00:30:00,51.666666666666664,60.709064
2016-05-24 00:40:00,51.666666666666664,58.778778
2016-05-24 00:50:00,50.0,57.156616
2016-05-24 01:00:00,48.333333333333336,56.975594
2016-05-24 01:10:00,50.0,55.99721
2016-05-24 01:20:00,53.333333333333336,54.41572
2016-05-24 01:30:00,55.0,54.867073
2016-05-24 01:40:00,56.666666666666664,56.806583
2016-05-24 01:50:00,56.666666666666664,57.958782
2016-05-24 02:00:00,58.333333333333336,58.888447
2016-05-24 02:10:00,56.666666666666664,58.256622
2016-05-24 02:20:00,56.666666666666664,58.405605
2016-05-24 02:30:00,55.0,56.990368
2016-05-24 02:40:00,55.0,56.686707
2016-05-24 02:50:00,55.0,56.134495
2016-05-24 03:00:00,53.333333333333336,56.377483
2016-05-24 03:10:00,53.333333333333336,56.733406
2016-05-24 03:20:00,51.666666666666664,56.317055
2016-05-24 03:30:00,51.666666666666664,56.559685
2016-05-24 03:40:00,51.666666666666664,56.098595
2016-05-24 03:50:00,53.333333333333336,56.13402
2016-05-24 04:00:00,53.333333333333336,56.313923
2016-05-24 04:10:00,53.333333333333336,57.41619
2016-05-24 04:20:00,53.333333333333336,57.754498
2016-05-24 04:30:00,55.0,57.787262
2016-05-24 04:40:00,55.0,57.727535
2016-05-24 04:50:00,53.333333333333336,58.35734
2016-05-24 05:00:00,60.0,58.607418
2016-05-24 05:10:00,60.0,57.761147
2016-05-24 05:20:00,58.333333333333336,62.381123
2016-05-24 05:30:00,58.333333333333336,63.324734
2016-05-24 05:40:00,105.0,61.84407
2016-05-24 05:50:00,106.66666666666667,61.755222
2016-05-24 06:00:00,103.33333333333333,144.02307
2016-05-24 06:10:00,106.66666666666667,133.88388
2016-05-24 06:20:00,111.66666666666667,129.08852
2016-05-24 06:30:00,113.33333333333333,123.57223
2016-05-24 06:40:00,70.0,95.60471
2016-05-24 06:50:00,71.66666666666667,84.96675
2016-05-24 07:00:00,75.0,71.548
2016-05-24 07:10:00,75.0,81.58339
2016-05-24 07:20:00,76.66666666666667,107.91591
2016-05-24 07:30:00,85.0,101.003555
2016-05-24 07:40:00,138.33333333333334,103.6977
2016-05-24 07:50:00,161.66666666666666,115.08784
2016-05-24 08:00:00,156.66666666666666,186.38911
2016-05-24 08:10:00,155.0,173.21263
2016-05-24 08:20:00,151.66666666666666,156.5373
2016-05-24 08:30:00,140.0,147.95456
2016-05-24 08:40:00,83.33333333333333,101.29628
2016-05-24 08:50:00,56.666666666666664,84.147224
2016-05-24 09:00:00,51.666666666666664,74.913734
2016-05-24 09:10:00,46.666666666666664,68.52273
2016-05-24 09:20:00,41.666666666666664,72.91369
2016-05-24 09:30:00,38.333333333333336,67.73272
2016-05-24 09:40:00,38.333333333333336,61.86324
2016-05-24 09:50:00,38.333333333333336,60.559692
2016-05-24 10:00:00,43.333333333333336,57.02192
2016-05-24 10:10:00,48.333333333333336,54.347927
2016-05-24 10:20:00,53.333333333333336,56.481716
2016-05-24 10:30:00,58.333333333333336,58.929405
2016-05-24 10:40:00,60.0,61.27292
2016-05-24 10:50:00,66.66666666666667,64.895645
2016-05-24 11:00:00,71.66666666666667,67.21113
2016-05-24 11:10:00,78.33333333333333,70.25814
2016-05-24 11:20:00,86.66666666666667,75.43056
2016-05-24 11:30:00,93.33333333333333,81.97232
2016-05-24 11:40:00,100.0,94.46383
2016-05-24 11:50:00,101.66666666666667,98.78884
2016-05-24 12:00:00,115.0,102.631805
2016-05-24 12:10:00,128.33333333333334,109.42625
2016-05-24 12:20:00,128.33333333333334,125.03085
2016-05-24 12:30:00,128.33333333333334,132.70091
2016-05-24 12:40:00,128.33333333333334,128.87825
2016-05-24 12:50:00,128.33333333333334,132.58699
2016-05-24 13:00:00,118.33333333333333,126.26281
2016-05-24 13:10:00,105.0,112.31706
2016-05-24 13:20:00,105.0,102.76343
2016-05-24 13:30:00,106.66666666666667,99.61324
2016-05-24 13:40:00,111.66666666666667,111.48237
2016-05-24 13:50:00,118.33333333333333,111.12715
2016-05-24 14:00:00,125.0,116.57236
2016-05-24 14:10:00,133.33333333333334,122.2022
2016-05-24 14:20:00,140.0,122.17678
2016-05-24 14:30:00,146.66666666666666,127.349815
2016-05-24 14:40:00,148.33333333333334,131.59608
2016-05-24 14:50:00,150.0,137.799
2016-05-24 15:00:00,151.66666666666666,138.61523
2016-05-24 15:10:00,150.0,141.3616
2016-05-24 15:20:00,148.33333333333334,141.99254
2016-05-24 15:30:00,146.66666666666666,140.05344
2016-05-24 15:40:00,145.0,142.57686
2016-05-24 15:50:00,141.66666666666666,142.43982
2016-05-24 16:00:00,138.33333333333334,138.44937
2016-05-24 16:10:00,138.33333333333334,135.06795
2016-05-24 16:20:00,138.33333333333334,132.4809
2016-05-24 16:30:00,140.0,140.32304
2016-05-24 16:40:00,140.0,144.07018
2016-05-24 16:50:00,141.66666666666666,146.71748
2016-05-24 17:00:00,143.33333333333334,143.22177
2016-05-24 17:10:00,145.0,137.13596
2016-05-24 17:20:00,146.66666666666666,135.40889
2016-05-24 17:30:00,143.33333333333334,144.41617
2016-05-24 17:40:00,146.66666666666666,149.62172
2016-05-24 17:50:00,203.33333333333334,143.1574
2016-05-24 18:00:00,221.66666666666666,150.83446
2016-05-24 18:10:00,213.33333333333334,241.3041
2016-05-24 18:20:00,206.66666666666666,232.41414
2016-05-24 18:30:00,203.33333333333334,226.58803
2016-05-24 18:40:00,196.66666666666666,209.26175
2016-05-24 18:50:00,136.66666666666666,142.3663
2016-05-24 19:00:00,111.66666666666667,123.752556
2016-05-24 19:10:00,121.66666666666667,115.51736
2016-05-24 19:20:00,121.66666666666667,129.86464
2016-05-24 19:30:00,121.66666666666667,167.84055
2016-05-24 19:40:00,121.66666666666667,142.48114
2016-05-24 19:50:00,123.33333333333333,131.80423
2016-05-24 20:00:00,125.0,135.98038
2016-05-24 20:10:00,115.0,134.21187
2016-05-24 20:20:00,111.66666666666667,122.768715
2016-05-24 20:30:00,111.66666666666667,114.42734
2016-05-24 20:40:00,105.0,117.45206
2016-05-24 20:50:00,96.66666666666667,120.70642
2016-05-24 21:00:00,90.0,113.99151
2016-05-24 21:10:00,88.33333333333333,100.09912
2016-05-24 21:20:00,86.66666666666667,90.52887
2016-05-24 21:30:00,80.0,91.14943
2016-05-24 21:40:00,76.66666666666667,89.88122
2016-05-24 21:50:00,76.66666666666667,84.03514
2016-05-24 22:00:00,73.33333333333333,81.754234
2016-05-24 22:10:00,70.0,76.86081
2016-05-24 22:20:00,66.66666666666667,71.75173
2016-05-24 22:30:00,65.0,68.806465
2016-05-24 22:40:00,66.66666666666667,66.03865
2016-05-24 22:50:00,61.666666666666664,64.748695
2016-05-24 23:00:00,63.333333333333336,66.19076
2016-05-24 23:10:00,60.0,63.66639
2016-05-24 23:20:00,60.0,63.44772
2016-05-24 23:30:00,60.0,61.570606
2016-05-24 23:40:00,56.666666666666664,60.895264
2016-05-24 23:50:00,58.333333333333336,60.92489
2016-05-25 00:00:00,56.666666666666664,59.44824
2016-05-25 00:10:00,56.666666666666664,59.339687
2016-05-25 00:20:00,56.666666666666664,58.486126
2016-05-25 00:30:00,55.0,58.475388
2016-05-25 00:40:00,55.0,58.6639
2016-05-25 00:50:00,53.333333333333336,58.091778
2016-05-25 01:00:00,51.666666666666664,58.23769
2016-05-25 01:10:00,51.666666666666664,57.415604
2016-05-25 01:20:00,50.0,56.439095
2016-05-25 01:30:00,50.0,56.33375
2016-05-25 01:40:00,53.333333333333336,55.937546
2016-05-25 01:50:00,53.333333333333336,55.958702
2016-05-25 02:00:00,55.0,57.827934
2016-05-25 02:10:00,55.0,58.642147
2016-05-25 02:20:00,55.0,59.448242
2016-05-25 02:30:00,56.666666666666664,59.37467
2016-05-25 02:40:00,55.0,58.670635
2016-05-25 02:50:00,56.666666666666664,58.849068
2016-05-25 03:00:00,53.333333333333336,58.249256
2016-05-25 03:10:00,53.333333333333336,59.064884
2016-05-25 03:20:00,53.333333333333336,57.856102
2016-05-25 03:30:00,51.666666666666664,57.195435
2016-05-25 03:40:00,50.0,57.312984
2016-05-25 03:50:00,48.333333333333336,56.893818
2016-05-25 04:00:00,50.0,55.96845
2016-05-25 04:10:00,51.666666666666664,55.319546
2016-05-25 04:20:00,53.333333333333336,56.22811
2016-05-25 04:30:00,53.333333333333336,57.472927
2016-05-25 04:40:00,53.333333333333336,59.07468
2016-05-25 04:50:00,55.0,59.370735
2016-05-25 05:00:00,56.666666666666664,58.887196
2016-05-25 05:10:00,60.0,59.44611
2016-05-25 05:20:00,58.333333333333336,60.759766
2016-05-25 05:30:00,58.333333333333336,63.48439
2016-05-25 05:40:00,58.333333333333336,63.488476
2016-05-25 05:50:00,55.0,63.106743
2016-05-25 06:00:00,50.0,63.01124
2016-05-25 06:10:00,45.0,60.51718
2016-05-25 06:20:00,45.0,57.98989
2016-05-25 06:30:00,45.0,55.08224
2016-05-25 06:40:00,50.0,55.509884
2016-05-25 06:50:00,55.0,57.138832
2016-05-25 07:00:00,61.666666666666664,62.29815
2016-05-25 07:10:00,68.33333333333333,69.275536
2016-05-25 07:20:00,68.33333333333333,79.72771
2016-05-25 07:30:00,70.0,87.48342
2016-05-25 07:40:00,66.66666666666667,84.3743
2016-05-25 07:50:00,65.0,80.93707
2016-05-25 08:00:00,65.0,74.47658
2016-05-25 08:10:00,68.33333333333333,69.98521
2016-05-25 08:20:00,70.0,72.06726
2016-05-25 08:30:00,78.33333333333333,79.10586
2016-05-25 08:40:00,80.0,83.57499
2016-05-25 08:50:00,83.33333333333333,99.187996
2016-05-25 09:00:00,88.33333333333333,99.623215
2016-05-25 09:10:00,88.33333333333333,96.41741
2016-05-25 09:20:00,90.0,98.49334
2016-05-25 09:30:00,86.66666666666667,92.93546
2016-05-25 09:40:00,88.33333333333333,93.763115
2016-05-25 09:50:00,90.0,94.02503
2016-05-25 10:00:00,81.66666666666667,97.06276
2016-05-25 10:10:00,80.0,99.44073
2016-05-25 10:20:00,80.0,86.857
2016-05-25 10:30:00,85.0,85.28369
2016-05-25 10:40:00,85.0,85.583725
2016-05-25 10:50:00,78.33333333333333,90.07164
2016-05-25 11:00:00,80.0,91.23606
2016-05-25 11:10:00,71.66666666666667,80.03791
2016-05-25 11:20:00,68.33333333333333,84.10122
2016-05-25 11:30:00,56.666666666666664,71.12379
2016-05-25 11:40:00,51.666666666666664,66.83207
2016-05-25 11:50:00,50.0,60.637505
2016-05-25 12:00:00,50.0,57.599007
2016-05-25 12:10:00,51.666666666666664,57.25959
2016-05-25 12:20:00,53.333333333333336,57.894543
2016-05-25 12:30:00,53.333333333333336,58.579544
2016-05-25 12:40:00,55.0,60.28762
2016-05-25 12:50:00,60.0,59.718285
2016-05-25 13:00:00,58.333333333333336,60.508842
2016-05-25 13:10:00,60.0,63.419865
2016-05-25 13:20:00,63.333333333333336,61.938515
2016-05-25 13:30:00,66.66666666666667,62.75011
2016-05-25 13:40:00,71.66666666666667,65.94152
2016-05-25 13:50:00,71.66666666666667,67.399536
2016-05-25 14:00:00,76.66666666666667,71.04436
2016-05-25 14:10:00,78.33333333333333,71.293655
2016-05-25 14:20:00,78.33333333333333,77.55627
2016-05-25 14:30:00,80.0,78.67831
2016-05-25 14:40:00,76.66666666666667,77.90564
2016-05-25 14:50:00,80.0,80.51423
2016-05-25 15:00:00,80.0,75.52303
2016-05-25 15:10:00,81.66666666666667,80.16438
2016-05-25 15:20:00,80.0,80.24422
2016-05-25 15:30:00,80.0,83.572914
2016-05-25 15:40:00,81.66666666666667,82.141365
2016-05-25 15:50:00,80.0,82.03907
2016-05-25 16:00:00,81.66666666666667,84.005104
2016-05-25 16:10:00,136.66666666666666,80.50514
2016-05-25 16:20:00,165.0,85.15808
2016-05-25 16:30:00,196.66666666666666,211.2162
2016-05-25 16:40:00,215.0,208.29402
2016-05-25 16:50:00,231.66666666666666,266.56854
2016-05-25 17:00:00,228.33333333333334,273.9812
2016-05-25 17:10:00,171.66666666666666,217.6014
2016-05-25 17:20:00,151.66666666666666,177.60504
2016-05-25 17:30:00,138.33333333333334,135.10371
2016-05-25 17:40:00,133.33333333333334,143.8818
2016-05-25 17:50:00,118.33333333333333,130.49203
2016-05-25 18:00:00,123.33333333333333,126.14291
2016-05-25 18:10:00,138.33333333333334,115.4097
2016-05-25 18:20:00,170.0,137.5393
2016-05-25 18:30:00,158.33333333333334,173.26169
2016-05-25 18:40:00,151.66666666666666,216.99573
2016-05-25 18:50:00,156.66666666666666,169.67867
2016-05-25 19:00:00,160.0,157.07892
2016-05-25 19:10:00,151.66666666666666,133.26181
2016-05-25 19:20:00,121.66666666666667,120.83504
2016-05-25 19:30:00,120.0,123.02345
2016-05-25 19:40:00,120.0,115.934525
2016-05-25 19:50:00,118.33333333333333,125.05221
2016-05-25 20:00:00,116.66666666666667,117.3266
2016-05-25 20:10:00,136.66666666666666,113.42112
2016-05-25 20:20:00,188.33333333333334,117.988396
2016-05-25 20:30:00,196.66666666666666,151.84496
2016-05-25 20:40:00,190.0,223.46362
2016-05-25 20:50:00,190.0,205.66539
2016-05-25 21:00:00,183.33333333333334,191.98595
2016-05-25 21:10:00,155.0,165.82585
2016-05-25 21:20:00,90.0,114.73818
2016-05-25 21:30:00,71.66666666666667,103.58366
2016-05-25 21:40:00,68.33333333333333,80.90585
2016-05-25 21:50:00,56.666666666666664,75.42121
2016-05-25 22:00:00,53.333333333333336,74.972466
2016-05-25 22:10:00,50.0,65.6211
2016-05-25 22:20:00,51.666666666666664,63.81568
2016-05-25 22:30:00,51.666666666666664,63.986153
2016-05-25 22:40:00,51.666666666666664,64.13417
2016-05-25 22:50:00,53.333333333333336,62.085934
2016-05-25 23:00:00,55.0,61.35557
2016-05-25 23:10:00,55.0,61.47059
2016-05-25 23:20:00,55.0,61.922356
2016-05-25 23:30:00,55.0,62.508163
2016-05-25 23:40:00,53.333333333333336,61.408123
2016-05-25 23:50:00,53.333333333333336,60.096035
2016-05-26 00:00:00,51.666666666666664,58.61141
2016-05-26 00:10:00,51.666666666666664,57.54328
2016-05-26 00:20:00,50.0,56.342236
2016-05-26 00:30:00,51.666666666666664,56.040413
2016-05-26 00:40:00,51.666666666666664,55.756363
2016-05-26 00:50:00,53.333333333333336,57.062187
2016-05-26 01:00:00,55.0,57.954422
2016-05-26 01:10:00,56.666666666666664,57.929436
2016-05-26 01:20:00,56.666666666666664,58.914307
2016-05-26 01:30:00,55.0,60.444996
2016-05-26 01:40:00,56.666666666666664,60.88905
2016-05-26 01:50:00,55.0,59.173256
2016-05-26 02:00:00,53.333333333333336,59.162895
2016-05-26 02:10:00,50.0,58.49448
2016-05-26 02:20:00,50.0,57.5922
2016-05-26 02:30:00,50.0,55.767113
2016-05-26 02:40:00,50.0,55.46013
2016-05-26 02:50:00,50.0,55.807655
2016-05-26 03:00:00,51.666666666666664,56.439816
2016-05-26 03:10:00,53.333333333333336,57.308052
2016-05-26 03:20:00,55.0,58.53867
2016-05-26 03:30:00,55.0,59.469017
2016-05-26 03:40:00,55.0,60.136787
2016-05-26 03:50:00,56.666666666666664,60.067226
2016-05-26 04:00:00,55.0,59.57653
2016-05-26 04:10:00,55.0,60.190548
2016-05-26 04:20:00,53.333333333333336,59.66267
2016-05-26 04:30:00,53.333333333333336,59.680534
2016-05-26 04:40:00,51.666666666666664,59.1426
2016-05-26 04:50:00,50.0,59.311016
2016-05-26 05:00:00,51.666666666666664,58.69646
2016-05-26 05:10:00,51.666666666666664,57.77729
2016-05-26 05:20:00,53.333333333333336,59.37707
2016-05-26 05:30:00,53.333333333333336,60.42782
2016-05-26 05:40:00,55.0,62.092606
2016-05-26 05:50:00,56.666666666666664,62.874027
2016-05-26 06:00:00,56.666666666666664,64.04713
2016-05-26 06:10:00,60.0,65.03822
2016-05-26 06:20:00,66.66666666666667,66.27869
2016-05-26 06:30:00,65.0,68.835236
2016-05-26 06:40:00,63.333333333333336,77.657036
2016-05-26 06:50:00,61.666666666666664,77.736664
2016-05-26 07:00:00,65.0,74.51449
2016-05-26 07:10:00,61.666666666666664,70.407135
2016-05-26 07:20:00,75.0,72.83289
2016-05-26 07:30:00,83.33333333333333,70.85935
2016-05-26 07:40:00,86.66666666666667,91.82111
2016-05-26 07:50:00,100.0,113.50767
2016-05-26 08:00:00,146.66666666666666,118.54015
2016-05-26 08:10:00,165.0,129.39604
2016-05-26 08:20:00,150.0,180.5151
2016-05-26 08:30:00,150.0,163.76573
2016-05-26 08:40:00,156.66666666666666,149.45027
2016-05-26 08:50:00,156.66666666666666,150.77234
2016-05-26 09:00:00,113.33333333333333,122.31386
2016-05-26 09:10:00,105.0,104.59753
2016-05-26 09:20:00,105.0,97.97757
2016-05-26 09:30:00,103.33333333333333,112.218475
2016-05-26 09:40:00,161.66666666666666,122.23137
2016-05-26 09:50:00,276.6666666666667,112.40165
2016-05-26 10:00:00,318.3333333333333,234.24852
2016-05-26 10:10:00,350.0,367.7073
2016-05-26 10:20:00,378.3333333333333,397.06226
2016-05-26 10:30:00,413.3333333333333,433.66635
2016-05-26 10:40:00,373.3333333333333,381.31702
2016-05-26 10:50:00,265.0,312.33972
2016-05-26 11:00:00,221.66666666666666,260.4777
2016-05-26 11:10:00,185.0,202.15714
2016-05-26 11:20:00,155.0,177.23465
2016-05-26 11:30:00,123.33333333333333,130.37584
2016-05-26 11:40:00,186.66666666666666,119.51288
2016-05-26 11:50:00,243.33333333333334,113.368286
2016-05-26 12:00:00,275.0,291.45926
2016-05-26 12:10:00,303.3333333333333,349.25125
2016-05-26 12:20:00,333.3333333333333,367.49042
2016-05-26 12:30:00,358.3333333333333,371.9426
2016-05-26 12:40:00,288.3333333333333,312.29446
2016-05-26 12:50:00,221.66666666666666,253.94917
2016-05-26 13:00:00,188.33333333333334,204.42293
2016-05-26 13:10:00,158.33333333333334,182.10251
2016-05-26 13:20:00,128.33333333333334,197.88736
2016-05-26 13:30:00,98.33333333333333,132.36966
2016-05-26 13:40:00,81.66666666666667,109.24315
2016-05-26 13:50:00,75.0,87.15431
2016-05-26 14:00:00,75.0,77.29939
2016-05-26 14:10:00,75.0,74.92567
2016-05-26 14:20:00,73.33333333333333,78.077095
2016-05-26 14:30:00,73.33333333333333,77.655205
2016-05-26 14:40:00,70.0,75.82751
2016-05-26 14:50:00,68.33333333333333,77.71828
2016-05-26 15:00:00,65.0,73.40007
2016-05-26 15:10:00,63.333333333333336,73.52092
2016-05-26 15:20:00,61.666666666666664,71.48165
2016-05-26 15:30:00,58.333333333333336,71.674324
2016-05-26 15:40:00,60.0,71.95282
2016-05-26 15:50:00,61.666666666666664,72.353905
2016-05-26 16:00:00,73.33333333333333,71.29583
2016-05-26 16:10:00,128.33333333333334,73.46221
2016-05-26 16:20:00,188.33333333333334,83.06098
2016-05-26 16:30:00,298.3333333333333,184.41394
2016-05-26 16:40:00,428.3333333333333,263.95862
2016-05-26 16:50:00,495.0,421.76877
2016-05-26 17:00:00,533.3333333333334,533.0984
2016-05-26 17:10:00,571.6666666666666,537.88293
2016-05-26 17:20:00,601.6666666666666,528.1104
2016-05-26 17:30:00,570.0,497.04785
2016-05-26 17:40:00,476.6666666666667,467.5673
2016-05-26 17:50:00,440.0,454.38852
2016-05-26 18:00:00,411.6666666666667,419.18692
2016-05-26 18:10:00,328.3333333333333,348.38776
2016-05-26 18:20:00,245.0,244.73662
2016-05-26 18:30:00,211.66666666666666,169.49405
2016-05-26 18:40:00,208.33333333333334,168.83307
2016-05-26 18:50:00,215.0,213.08179
2016-05-26 19:00:00,228.33333333333334,231.50215
2016-05-26 19:10:00,251.66666666666666,228.31969
2016-05-26 19:20:00,286.6666666666667,239.68355
2016-05-26 19:30:00,275.0,251.4227
2016-05-26 19:40:00,251.66666666666666,271.23874
2016-05-26 19:50:00,223.33333333333334,221.64467
2016-05-26 20:00:00,195.0,171.35358
2016-05-26 20:10:00,166.66666666666666,141.58078
2016-05-26 20:20:00,131.66666666666666,130.9227
2016-05-26 20:30:00,103.33333333333333,134.76262
2016-05-26 20:40:00,96.66666666666667,122.987595
2016-05-26 20:50:00,91.66666666666667,96.31132
2016-05-26 21:00:00,91.66666666666667,88.80322
2016-05-26 21:10:00,90.0,80.56737
2016-05-26 21:20:00,83.33333333333333,81.463684
2016-05-26 21:30:00,83.33333333333333,83.89863
2016-05-26 21:40:00,78.33333333333333,80.3748
2016-05-26 21:50:00,76.66666666666667,81.072136
2016-05-26 22:00:00,71.66666666666667,76.17142
2016-05-26 22:10:00,71.66666666666667,72.63387
2016-05-26 22:20:00,73.33333333333333,70.06772
2016-05-26 22:30:00,71.66666666666667,73.62213
2016-05-26 22:40:00,71.66666666666667,76.51682
2016-05-26 22:50:00,70.0,74.26296
2016-05-26 23:00:00,68.33333333333333,73.946465
2016-05-26 23:10:00,66.66666666666667,70.84536
2016-05-26 23:20:00,65.0,68.630394
2016-05-26 23:30:00,65.0,67.5691
2016-05-26 23:40:00,66.66666666666667,66.30648
2016-05-26 23:50:00,65.0,66.87802
2016-05-27 00:00:00,65.0,68.17094
2016-05-27 00:10:00,65.0,66.963585
2016-05-27 00:20:00,63.333333333333336,66.809074
2016-05-27 00:30:00,61.666666666666664,67.20494
2016-05-27 00:40:00,60.0,65.80011
2016-05-27 00:50:00,60.0,63.96807
2016-05-27 01:00:00,60.0,62.68436
2016-05-27 01:10:00,58.333333333333336,62.817535
2016-05-27 01:20:00,58.333333333333336,62.400997
2016-05-27 01:30:00,58.333333333333336,61.757412
2016-05-27 01:40:00,58.333333333333336,61.641064
2016-05-27 01:50:00,58.333333333333336,61.593792
2016-05-27 02:00:00,55.0,61.565403
2016-05-27 02:10:00,55.0,61.88995
2016-05-27 02:20:00,53.333333333333336,60.435608
2016-05-27 02:30:00,53.333333333333336,59.90973
2016-05-27 02:40:00,51.666666666666664,59.04988
2016-05-27 02:50:00,50.0,59.021748
2016-05-27 03:00:00,53.333333333333336,58.5284
2016-05-27 03:10:00,53.333333333333336,58.047626
2016-05-27 03:20:00,56.666666666666664,58.79887
2016-05-27 03:30:00,56.666666666666664,58.981895
2016-05-27 03:40:00,56.666666666666664,60.477375
2016-05-27 03:50:00,58.333333333333336,60.473255
2016-05-27 04:00:00,58.333333333333336,59.85529
2016-05-27 04:10:00,58.333333333333336,60.0055
2016-05-27 04:20:00,58.333333333333336,61.505367
2016-05-27 04:30:00,56.666666666666664,62.062428
2016-05-27 04:40:00,58.333333333333336,62.78907
2016-05-27 04:50:00,58.333333333333336,62.319855
2016-05-27 05:00:00,58.333333333333336,63.195805
2016-05-27 05:10:00,58.333333333333336,63.562813
2016-05-27 05:20:00,58.333333333333336,64.16414
2016-05-27 05:30:00,60.0,64.72713
2016-05-27 05:40:00,58.333333333333336,64.97329
2016-05-27 05:50:00,58.333333333333336,66.17471
2016-05-27 06:00:00,56.666666666666664,65.183525
2016-05-27 06:10:00,65.0,65.086815
2016-05-27 06:20:00,66.66666666666667,65.71711
2016-05-27 06:30:00,65.0,75.16802
2016-05-27 06:40:00,65.0,79.66451
2016-05-27 06:50:00,63.333333333333336,78.51912
2016-05-27 07:00:00,63.333333333333336,77.93677
2016-05-27 07:10:00,55.0,73.13003
2016-05-27 07:20:00,53.333333333333336,71.648094
2016-05-27 07:30:00,76.66666666666667,66.09915
2016-05-27 07:40:00,90.0,64.86264
2016-05-27 07:50:00,111.66666666666667,100.124954
2016-05-27 08:00:00,163.33333333333334,120.13635
2016-05-27 08:10:00,170.0,147.99072
2016-05-27 08:20:00,171.66666666666666,216.58423
2016-05-27 08:30:00,153.33333333333334,176.31819
2016-05-27 08:40:00,145.0,154.21495
2016-05-27 08:50:00,130.0,127.85142
2016-05-27 09:00:00,85.0,96.011406
2016-05-27 09:10:00,78.33333333333333,91.26747
2016-05-27 09:20:00,78.33333333333333,78.34192
2016-05-27 09:30:00,73.33333333333333,94.32527
2016-05-27 09:40:00,156.66666666666666,105.82971
2016-05-27 09:50:00,251.66666666666666,87.53419
2016-05-27 10:00:00,286.6666666666667,277.97153
2016-05-27 10:10:00,320.0,357.01785
2016-05-27 10:20:00,356.6666666666667,376.1821
2016-05-27 10:30:00,388.3333333333333,401.0513
2016-05-27 10:40:00,331.6666666666667,350.1513
2016-05-27 10:50:00,251.66666666666666,294.06482
2016-05-27 11:00:00,233.33333333333334,258.14517
2016-05-27 11:10:00,201.66666666666666,214.04276
2016-05-27 11:20:00,220.0,200.75673
2016-05-27 11:30:00,283.3333333333333,135.5621
2016-05-27 11:40:00,298.3333333333333,238.78497
2016-05-27 11:50:00,310.0,347.92465
2016-05-27 12:00:00,321.6666666666667,387.1913
2016-05-27 12:10:00,350.0,408.86707
2016-05-27 12:20:00,321.6666666666667,359.88373
2016-05-27 12:30:00,255.0,278.7707
2016-05-27 12:40:00,215.0,209.43887
2016-05-27 12:50:00,185.0,223.27533
2016-05-27 13:00:00,203.33333333333334,247.23747
2016-05-27 13:10:00,210.0,179.85408
2016-05-27 13:20:00,211.66666666666666,275.41385
2016-05-27 13:30:00,216.66666666666666,268.5911
2016-05-27 13:40:00,238.33333333333334,272.84708
2016-05-27 13:50:00,265.0,289.9402
2016-05-27 14:00:00,235.0,264.33905
2016-05-27 14:10:00,215.0,242.77237
2016-05-27 14:20:00,188.33333333333334,208.91887
2016-05-27 14:30:00,156.66666666666666,225.03194
2016-05-27 14:40:00,130.0,200.89264
2016-05-27 14:50:00,101.66666666666667,145.99973
2016-05-27 15:00:00,80.0,124.99928
2016-05-27 15:10:00,65.0,86.478355
2016-05-27 15:20:00,65.0,74.412865
2016-05-27 15:30:00,68.33333333333333,73.05191
2016-05-27 15:40:00,70.0,76.08331
2016-05-27 15:50:00,76.66666666666667,76.156204
2016-05-27 16:00:00,83.33333333333333,76.65405
2016-05-27 16:10:00,86.66666666666667,88.18792
2016-05-27 16:20:00,90.0,90.708855
2016-05-27 16:30:00,113.33333333333333,93.56199
2016-05-27 16:40:00,131.66666666666666,100.2186
2016-05-27 16:50:00,135.0,135.56898
2016-05-27 17:00:00,136.66666666666666,151.9709
2016-05-27 17:10:00,136.66666666666666,154.74724
2016-05-27 17:20:00,136.66666666666666,159.10309
2016-05-27 17:30:00,115.0,139.63194
2016-05-27 17:40:00,130.0,122.24196
2016-05-27 17:50:00,180.0,108.851715
2016-05-27 18:00:00,233.33333333333334,145.90665
